/home/3295540/.conda/envs/lda/lib/python3.10/site-packages/albumentations/__init__.py:13: UserWarning: A new version of Albumentations is available: 2.0.8 (you have 1.4.18). Upgrade using: pip install -U albumentations. To disable automatic update checks, set the environment variable NO_ALBUMENTATIONS_UPDATE to 1.
  check_for_updates()
Initialized dataset sim_pick_place with EmbodimentTag.NEW_EMBODIMENT
Initialized dataset sim_pick_place with EmbodimentTag.NEW_EMBODIMENT
Dataset lengths: [1667]
Dataset lengths: [1667]
07/24 [19:52:24] INFO     | >> [*] Loading from local         share_tools.py:264
                          checkpoint path                                       
                          `outputs/lda_pretrain_run/checkpoin                   
                          ts/LDA-pretrain.pt`                                   
Loading checkpoint shards:   0%|          | 0/2 [00:00<?, ?it/s]Loading checkpoint shards:  50%|█████     | 1/2 [00:00<00:00,  2.20it/s]Loading checkpoint shards: 100%|██████████| 2/2 [00:00<00:00,  1.98it/s]Loading checkpoint shards: 100%|██████████| 2/2 [00:01<00:00,  1.99it/s]
Total number of DiT parameters:  1772973056
Dataset Embodiment Tags: defaultdict(<class 'list'>, {'new_embodiment': [0]})
Total trajectories: 4
All trajectories: [412 411 398 446]
Running trajectory: 2
inferencing at step:  0
Traceback (most recent call last):
  File "/mnt/beegfsnew/scratch/3295540/LDA-1B/lda/eval/eval_policy.py", line 217, in <module>
    main(cfg)
  File "/mnt/beegfsnew/scratch/3295540/LDA-1B/lda/eval/eval_policy.py", line 165, in main
    l1_loss_dict = calc_mse_for_single_trajectory_relative_eef(
  File "/mnt/beegfsnew/scratch/3295540/LDA-1B/lda/utils/eval_wo_postprocess.py", line 167, in calc_mse_for_single_trajectory
    action_chunk = policy.predict_action(batch)
  File "/home/3295540/.conda/envs/lda/lib/python3.10/site-packages/torch/utils/_contextlib.py", line 116, in decorate_context
    return func(*args, **kwargs)
  File "/mnt/beegfsnew/scratch/3295540/LDA-1B/lda/model/framework/QwenMMDiT.py", line 263, in predict_action
    pred_actions = self.action_model.predict_action(last_hidden, state, history_actions, curr_imgs, embodiment_ids, attention_mask)  # (B, chunk_len, action_dim)
  File "/home/3295540/.conda/envs/lda/lib/python3.10/site-packages/torch/utils/_contextlib.py", line 116, in decorate_context
    return func(*args, **kwargs)
  File "/mnt/beegfsnew/scratch/3295540/LDA-1B/lda/model/modules/action_model/MMDiT_ActionHeader.py", line 909, in predict_action
    action_features = self.action_encoder(actions, timesteps, embodiment_id)
  File "/home/3295540/.conda/envs/lda/lib/python3.10/site-packages/torch/nn/modules/module.py", line 1739, in _wrapped_call_impl
    return self._call_impl(*args, **kwargs)
  File "/home/3295540/.conda/envs/lda/lib/python3.10/site-packages/torch/nn/modules/module.py", line 1750, in _call_impl
    return forward_call(*args, **kwargs)
  File "/mnt/beegfsnew/scratch/3295540/LDA-1B/lda/model/modules/action_model/MMDiT_ActionHeader.py", line 178, in forward
    a_emb = self.W1(actions, cat_ids)
  File "/home/3295540/.conda/envs/lda/lib/python3.10/site-packages/torch/nn/modules/module.py", line 1739, in _wrapped_call_impl
    return self._call_impl(*args, **kwargs)
  File "/home/3295540/.conda/envs/lda/lib/python3.10/site-packages/torch/nn/modules/module.py", line 1750, in _call_impl
    return forward_call(*args, **kwargs)
  File "/mnt/beegfsnew/scratch/3295540/LDA-1B/lda/model/modules/action_model/MMDiT_ActionHeader.py", line 74, in forward
    return torch.bmm(x, selected_W) + selected_b.unsqueeze(1)
RuntimeError: CUDA error: CUBLAS_STATUS_EXECUTION_FAILED when calling `cublasSgemm( handle, opa, opb, m, n, k, &alpha, a, lda, b, ldb, &beta, c, ldc)`
/pytorch/aten/src/ATen/native/cuda/IndexKernel.cu:94: operator(): block: [22,0,0], thread: [0,0,0] Assertion `-sizes[i] <= index && index < sizes[i] && "index out of bounds"` failed.
/pytorch/aten/src/ATen/native/cuda/IndexKernel.cu:94: operator(): block: [22,0,0], thread: [1,0,0] Assertion `-sizes[i] <= index && index < sizes[i] && "index out of bounds"` failed.
/pytorch/aten/src/ATen/native/cuda/IndexKernel.cu:94: operator(): block: [22,0,0], thread: [2,0,0] Assertion `-sizes[i] <= index && index < sizes[i] && "index out of bounds"` failed.
/pytorch/aten/src/ATen/native/cuda/IndexKernel.cu:94: operator(): block: [22,0,0], thread: [3,0,0] Assertion `-sizes[i] <= index && index < sizes[i] && "index out of bounds"` failed.
/pytorch/aten/src/ATen/native/cuda/IndexKernel.cu:94: operator(): block: [22,0,0], thread: [4,0,0] Assertion `-sizes[i] <= index && index < sizes[i] && "index out of bounds"` failed.
/pytorch/aten/src/ATen/native/cuda/IndexKernel.cu:94: operator(): block: [22,0,0], thread: [5,0,0] Assertion `-sizes[i] <= index && index < sizes[i] && "index out of bounds"` failed.
/pytorch/aten/src/ATen/native/cuda/IndexKernel.cu:94: operator(): block: [22,0,0], thread: [6,0,0] Assertion `-sizes[i] <= index && index < sizes[i] && "index out of bounds"` failed.
/pytorch/aten/src/ATen/native/cuda/IndexKernel.cu:94: operator(): block: [22,0,0], thread: [7,0,0] Assertion `-sizes[i] <= index && index < sizes[i] && "index out of bounds"` failed.
/pytorch/aten/src/ATen/native/cuda/IndexKernel.cu:94: operator(): block: [22,0,0], thread: [8,0,0] Assertion `-sizes[i] <= index && index < sizes[i] && "index out of bounds"` failed.
/pytorch/aten/src/ATen/native/cuda/IndexKernel.cu:94: operator(): block: [22,0,0], thread: [9,0,0] Assertion `-sizes[i] <= index && index < sizes[i] && "index out of bounds"` failed.
/pytorch/aten/src/ATen/native/cuda/IndexKernel.cu:94: operator(): block: [22,0,0], thread: [10,0,0] Assertion `-sizes[i] <= index && index < sizes[i] && "index out of bounds"` failed.
/pytorch/aten/src/ATen/native/cuda/IndexKernel.cu:94: operator(): block: [22,0,0], thread: [11,0,0] Assertion `-sizes[i] <= index && index < sizes[i] && "index out of bounds"` failed.
/pytorch/aten/src/ATen/native/cuda/IndexKernel.cu:94: operator(): block: [22,0,0], thread: [12,0,0] Assertion `-sizes[i] <= index && index < sizes[i] && "index out of bounds"` failed.
/pytorch/aten/src/ATen/native/cuda/IndexKernel.cu:94: operator(): block: [22,0,0], thread: [13,0,0] Assertion `-sizes[i] <= index && index < sizes[i] && "index out of bounds"` failed.
/pytorch/aten/src/ATen/native/cuda/IndexKernel.cu:94: operator(): block: [22,0,0], thread: [14,0,0] Assertion `-sizes[i] <= index && index < sizes[i] && "index out of bounds"` failed.
/pytorch/aten/src/ATen/native/cuda/IndexKernel.cu:94: operator(): block: [22,0,0], thread: [15,0,0] Assertion `-sizes[i] <= index && index < sizes[i] && "index out of bounds"` failed.
/pytorch/aten/src/ATen/native/cuda/IndexKernel.cu:94: operator(): block: [22,0,0], thread: [16,0,0] Assertion `-sizes[i] <= index && index < sizes[i] && "index out of bounds"` failed.
/pytorch/aten/src/ATen/native/cuda/IndexKernel.cu:94: operator(): block: [22,0,0], thread: [17,0,0] Assertion `-sizes[i] <= index && index < sizes[i] && "index out of bounds"` failed.
/pytorch/aten/src/ATen/native/cuda/IndexKernel.cu:94: operator(): block: [22,0,0], thread: [18,0,0] Assertion `-sizes[i] <= index && index < sizes[i] && "index out of bounds"` failed.
/pytorch/aten/src/ATen/native/cuda/IndexKernel.cu:94: operator(): block: [22,0,0], thread: [19,0,0] Assertion `-sizes[i] <= index && index < sizes[i] && "index out of bounds"` failed.
/pytorch/aten/src/ATen/native/cuda/IndexKernel.cu:94: operator(): block: [22,0,0], thread: [20,0,0] Assertion `-sizes[i] <= index && index < sizes[i] && "index out of bounds"` failed.
/pytorch/aten/src/ATen/native/cuda/IndexKernel.cu:94: operator(): block: [22,0,0], thread: [21,0,0] Assertion `-sizes[i] <= index && index < sizes[i] && "index out of bounds"` failed.
/pytorch/aten/src/ATen/native/cuda/IndexKernel.cu:94: operator(): block: [22,0,0], thread: [22,0,0] Assertion `-sizes[i] <= index && index < sizes[i] && "index out of bounds"` failed.
/pytorch/aten/src/ATen/native/cuda/IndexKernel.cu:94: operator(): block: [22,0,0], thread: [23,0,0] Assertion `-sizes[i] <= index && index < sizes[i] && "index out of bounds"` failed.
/pytorch/aten/src/ATen/native/cuda/IndexKernel.cu:94: operator(): block: [22,0,0], thread: [24,0,0] Assertion `-sizes[i] <= index && index < sizes[i] && "index out of bounds"` failed.
/pytorch/aten/src/ATen/native/cuda/IndexKernel.cu:94: operator(): block: [22,0,0], thread: [25,0,0] Assertion `-sizes[i] <= index && index < sizes[i] && "index out of bounds"` failed.
/pytorch/aten/src/ATen/native/cuda/IndexKernel.cu:94: operator(): block: [22,0,0], thread: [26,0,0] Assertion `-sizes[i] <= index && index < sizes[i] && "index out of bounds"` failed.
/pytorch/aten/src/ATen/native/cuda/IndexKernel.cu:94: operator(): block: [22,0,0], thread: [27,0,0] Assertion `-sizes[i] <= index && index < sizes[i] && "index out of bounds"` failed.
/pytorch/aten/src/ATen/native/cuda/IndexKernel.cu:94: operator(): block: [22,0,0], thread: [28,0,0] Assertion `-sizes[i] <= index && index < sizes[i] && "index out of bounds"` failed.
/pytorch/aten/src/ATen/native/cuda/IndexKernel.cu:94: operator(): block: [22,0,0], thread: [29,0,0] Assertion `-sizes[i] <= index && index < sizes[i] && "index out of bounds"` failed.
/pytorch/aten/src/ATen/native/cuda/IndexKernel.cu:94: operator(): block: [22,0,0], thread: [30,0,0] Assertion `-sizes[i] <= index && index < sizes[i] && "index out of bounds"` failed.
/pytorch/aten/src/ATen/native/cuda/IndexKernel.cu:94: operator(): block: [22,0,0], thread: [31,0,0] Assertion `-sizes[i] <= index && index < sizes[i] && "index out of bounds"` failed.
/pytorch/aten/src/ATen/native/cuda/IndexKernel.cu:94: operator(): block: [11,0,0], thread: [0,0,0] Assertion `-sizes[i] <= index && index < sizes[i] && "index out of bounds"` failed.
/pytorch/aten/src/ATen/native/cuda/IndexKernel.cu:94: operator(): block: [11,0,0], thread: [1,0,0] Assertion `-sizes[i] <= index && index < sizes[i] && "index out of bounds"` failed.
/pytorch/aten/src/ATen/native/cuda/IndexKernel.cu:94: operator(): block: [11,0,0], thread: [2,0,0] Assertion `-sizes[i] <= index && index < sizes[i] && "index out of bounds"` failed.
/pytorch/aten/src/ATen/native/cuda/IndexKernel.cu:94: operator(): block: [11,0,0], thread: [3,0,0] Assertion `-sizes[i] <= index && index < sizes[i] && "index out of bounds"` failed.
/pytorch/aten/src/ATen/native/cuda/IndexKernel.cu:94: operator(): block: [11,0,0], thread: [4,0,0] Assertion `-sizes[i] <= index && index < sizes[i] && "index out of bounds"` failed.
/pytorch/aten/src/ATen/native/cuda/IndexKernel.cu:94: operator(): block: [11,0,0], thread: [5,0,0] Assertion `-sizes[i] <= index && index < sizes[i] && "index out of bounds"` failed.
/pytorch/aten/src/ATen/native/cuda/IndexKernel.cu:94: operator(): block: [11,0,0], thread: [6,0,0] Assertion `-sizes[i] <= index && index < sizes[i] && "index out of bounds"` failed.
/pytorch/aten/src/ATen/native/cuda/IndexKernel.cu:94: operator(): block: [11,0,0], thread: [7,0,0] Assertion `-sizes[i] <= index && index < sizes[i] && "index out of bounds"` failed.
/pytorch/aten/src/ATen/native/cuda/IndexKernel.cu:94: operator(): block: [11,0,0], thread: [8,0,0] Assertion `-sizes[i] <= index && index < sizes[i] && "index out of bounds"` failed.
/pytorch/aten/src/ATen/native/cuda/IndexKernel.cu:94: operator(): block: [11,0,0], thread: [9,0,0] Assertion `-sizes[i] <= index && index < sizes[i] && "index out of bounds"` failed.
/pytorch/aten/src/ATen/native/cuda/IndexKernel.cu:94: operator(): block: [11,0,0], thread: [10,0,0] Assertion `-sizes[i] <= index && index < sizes[i] && "index out of bounds"` failed.
/pytorch/aten/src/ATen/native/cuda/IndexKernel.cu:94: operator(): block: [11,0,0], thread: [11,0,0] Assertion `-sizes[i] <= index && index < sizes[i] && "index out of bounds"` failed.
/pytorch/aten/src/ATen/native/cuda/IndexKernel.cu:94: operator(): block: [11,0,0], thread: [12,0,0] Assertion `-sizes[i] <= index && index < sizes[i] && "index out of bounds"` failed.
/pytorch/aten/src/ATen/native/cuda/IndexKernel.cu:94: operator(): block: [11,0,0], thread: [13,0,0] Assertion `-sizes[i] <= index && index < sizes[i] && "index out of bounds"` failed.
/pytorch/aten/src/ATen/native/cuda/IndexKernel.cu:94: operator(): block: [11,0,0], thread: [14,0,0] Assertion `-sizes[i] <= index && index < sizes[i] && "index out of bounds"` failed.
/pytorch/aten/src/ATen/native/cuda/IndexKernel.cu:94: operator(): block: [11,0,0], thread: [15,0,0] Assertion `-sizes[i] <= index && index < sizes[i] && "index out of bounds"` failed.
/pytorch/aten/src/ATen/native/cuda/IndexKernel.cu:94: operator(): block: [11,0,0], thread: [16,0,0] Assertion `-sizes[i] <= index && index < sizes[i] && "index out of bounds"` failed.
/pytorch/aten/src/ATen/native/cuda/IndexKernel.cu:94: operator(): block: [11,0,0], thread: [17,0,0] Assertion `-sizes[i] <= index && index < sizes[i] && "index out of bounds"` failed.
/pytorch/aten/src/ATen/native/cuda/IndexKernel.cu:94: operator(): block: [11,0,0], thread: [18,0,0] Assertion `-sizes[i] <= index && index < sizes[i] && "index out of bounds"` failed.
/pytorch/aten/src/ATen/native/cuda/IndexKernel.cu:94: operator(): block: [11,0,0], thread: [19,0,0] Assertion `-sizes[i] <= index && index < sizes[i] && "index out of bounds"` failed.
/pytorch/aten/src/ATen/native/cuda/IndexKernel.cu:94: operator(): block: [11,0,0], thread: [20,0,0] Assertion `-sizes[i] <= index && index < sizes[i] && "index out of bounds"` failed.
/pytorch/aten/src/ATen/native/cuda/IndexKernel.cu:94: operator(): block: [11,0,0], thread: [21,0,0] Assertion `-sizes[i] <= index && index < sizes[i] && "index out of bounds"` failed.
/pytorch/aten/src/ATen/native/cuda/IndexKernel.cu:94: operator(): block: [11,0,0], thread: [22,0,0] Assertion `-sizes[i] <= index && index < sizes[i] && "index out of bounds"` failed.
/pytorch/aten/src/ATen/native/cuda/IndexKernel.cu:94: operator(): block: [11,0,0], thread: [23,0,0] Assertion `-sizes[i] <= index && index < sizes[i] && "index out of bounds"` failed.
/pytorch/aten/src/ATen/native/cuda/IndexKernel.cu:94: operator(): block: [11,0,0], thread: [24,0,0] Assertion `-sizes[i] <= index && index < sizes[i] && "index out of bounds"` failed.
/pytorch/aten/src/ATen/native/cuda/IndexKernel.cu:94: operator(): block: [11,0,0], thread: [25,0,0] Assertion `-sizes[i] <= index && index < sizes[i] && "index out of bounds"` failed.
/pytorch/aten/src/ATen/native/cuda/IndexKernel.cu:94: operator(): block: [11,0,0], thread: [26,0,0] Assertion `-sizes[i] <= index && index < sizes[i] && "index out of bounds"` failed.
/pytorch/aten/src/ATen/native/cuda/IndexKernel.cu:94: operator(): block: [11,0,0], thread: [27,0,0] Assertion `-sizes[i] <= index && index < sizes[i] && "index out of bounds"` failed.
/pytorch/aten/src/ATen/native/cuda/IndexKernel.cu:94: operator(): block: [11,0,0], thread: [28,0,0] Assertion `-sizes[i] <= index && index < sizes[i] && "index out of bounds"` failed.
/pytorch/aten/src/ATen/native/cuda/IndexKernel.cu:94: operator(): block: [11,0,0], thread: [29,0,0] Assertion `-sizes[i] <= index && index < sizes[i] && "index out of bounds"` failed.
/pytorch/aten/src/ATen/native/cuda/IndexKernel.cu:94: operator(): block: [11,0,0], thread: [30,0,0] Assertion `-sizes[i] <= index && index < sizes[i] && "index out of bounds"` failed.
/pytorch/aten/src/ATen/native/cuda/IndexKernel.cu:94: operator(): block: [11,0,0], thread: [31,0,0] Assertion `-sizes[i] <= index && index < sizes[i] && "index out of bounds"` failed.
/pytorch/aten/src/ATen/native/cuda/IndexKernel.cu:94: operator(): block: [33,0,0], thread: [0,0,0] Assertion `-sizes[i] <= index && index < sizes[i] && "index out of bounds"` failed.
/pytorch/aten/src/ATen/native/cuda/IndexKernel.cu:94: operator(): block: [33,0,0], thread: [1,0,0] Assertion `-sizes[i] <= index && index < sizes[i] && "index out of bounds"` failed.
/pytorch/aten/src/ATen/native/cuda/IndexKernel.cu:94: operator(): block: [33,0,0], thread: [2,0,0] Assertion `-sizes[i] <= index && index < sizes[i] && "index out of bounds"` failed.
/pytorch/aten/src/ATen/native/cuda/IndexKernel.cu:94: operator(): block: [33,0,0], thread: [3,0,0] Assertion `-sizes[i] <= index && index < sizes[i] && "index out of bounds"` failed.
/pytorch/aten/src/ATen/native/cuda/IndexKernel.cu:94: operator(): block: [33,0,0], thread: [4,0,0] Assertion `-sizes[i] <= index && index < sizes[i] && "index out of bounds"` failed.
/pytorch/aten/src/ATen/native/cuda/IndexKernel.cu:94: operator(): block: [33,0,0], thread: [5,0,0] Assertion `-sizes[i] <= index && index < sizes[i] && "index out of bounds"` failed.
/pytorch/aten/src/ATen/native/cuda/IndexKernel.cu:94: operator(): block: [33,0,0], thread: [6,0,0] Assertion `-sizes[i] <= index && index < sizes[i] && "index out of bounds"` failed.
/pytorch/aten/src/ATen/native/cuda/IndexKernel.cu:94: operator(): block: [33,0,0], thread: [7,0,0] Assertion `-sizes[i] <= index && index < sizes[i] && "index out of bounds"` failed.
/pytorch/aten/src/ATen/native/cuda/IndexKernel.cu:94: operator(): block: [33,0,0], thread: [8,0,0] Assertion `-sizes[i] <= index && index < sizes[i] && "index out of bounds"` failed.
/pytorch/aten/src/ATen/native/cuda/IndexKernel.cu:94: operator(): block: [33,0,0], thread: [9,0,0] Assertion `-sizes[i] <= index && index < sizes[i] && "index out of bounds"` failed.
/pytorch/aten/src/ATen/native/cuda/IndexKernel.cu:94: operator(): block: [33,0,0], thread: [10,0,0] Assertion `-sizes[i] <= index && index < sizes[i] && "index out of bounds"` failed.
/pytorch/aten/src/ATen/native/cuda/IndexKernel.cu:94: operator(): block: [33,0,0], thread: [11,0,0] Assertion `-sizes[i] <= index && index < sizes[i] && "index out of bounds"` failed.
/pytorch/aten/src/ATen/native/cuda/IndexKernel.cu:94: operator(): block: [33,0,0], thread: [12,0,0] Assertion `-sizes[i] <= index && index < sizes[i] && "index out of bounds"` failed.
/pytorch/aten/src/ATen/native/cuda/IndexKernel.cu:94: operator(): block: [33,0,0], thread: [13,0,0] Assertion `-sizes[i] <= index && index < sizes[i] && "index out of bounds"` failed.
/pytorch/aten/src/ATen/native/cuda/IndexKernel.cu:94: operator(): block: [33,0,0], thread: [14,0,0] Assertion `-sizes[i] <= index && index < sizes[i] && "index out of bounds"` failed.
/pytorch/aten/src/ATen/native/cuda/IndexKernel.cu:94: operator(): block: [33,0,0], thread: [15,0,0] Assertion `-sizes[i] <= index && index < sizes[i] && "index out of bounds"` failed.
/pytorch/aten/src/ATen/native/cuda/IndexKernel.cu:94: operator(): block: [33,0,0], thread: [16,0,0] Assertion `-sizes[i] <= index && index < sizes[i] && "index out of bounds"` failed.
/pytorch/aten/src/ATen/native/cuda/IndexKernel.cu:94: operator(): block: [33,0,0], thread: [17,0,0] Assertion `-sizes[i] <= index && index < sizes[i] && "index out of bounds"` failed.
/pytorch/aten/src/ATen/native/cuda/IndexKernel.cu:94: operator(): block: [33,0,0], thread: [18,0,0] Assertion `-sizes[i] <= index && index < sizes[i] && "index out of bounds"` failed.
/pytorch/aten/src/ATen/native/cuda/IndexKernel.cu:94: operator(): block: [33,0,0], thread: [19,0,0] Assertion `-sizes[i] <= index && index < sizes[i] && "index out of bounds"` failed.
/pytorch/aten/src/ATen/native/cuda/IndexKernel.cu:94: operator(): block: [33,0,0], thread: [20,0,0] Assertion `-sizes[i] <= index && index < sizes[i] && "index out of bounds"` failed.
/pytorch/aten/src/ATen/native/cuda/IndexKernel.cu:94: operator(): block: [33,0,0], thread: [21,0,0] Assertion `-sizes[i] <= index && index < sizes[i] && "index out of bounds"` failed.
/pytorch/aten/src/ATen/native/cuda/IndexKernel.cu:94: operator(): block: [33,0,0], thread: [22,0,0] Assertion `-sizes[i] <= index && index < sizes[i] && "index out of bounds"` failed.
/pytorch/aten/src/ATen/native/cuda/IndexKernel.cu:94: operator(): block: [33,0,0], thread: [23,0,0] Assertion `-sizes[i] <= index && index < sizes[i] && "index out of bounds"` failed.
/pytorch/aten/src/ATen/native/cuda/IndexKernel.cu:94: operator(): block: [33,0,0], thread: [24,0,0] Assertion `-sizes[i] <= index && index < sizes[i] && "index out of bounds"` failed.
/pytorch/aten/src/ATen/native/cuda/IndexKernel.cu:94: operator(): block: [33,0,0], thread: [25,0,0] Assertion `-sizes[i] <= index && index < sizes[i] && "index out of bounds"` failed.
/pytorch/aten/src/ATen/native/cuda/IndexKernel.cu:94: operator(): block: [33,0,0], thread: [26,0,0] Assertion `-sizes[i] <= index && index < sizes[i] && "index out of bounds"` failed.
/pytorch/aten/src/ATen/native/cuda/IndexKernel.cu:94: operator(): block: [33,0,0], thread: [27,0,0] Assertion `-sizes[i] <= index && index < sizes[i] && "index out of bounds"` failed.
/pytorch/aten/src/ATen/native/cuda/IndexKernel.cu:94: operator(): block: [33,0,0], thread: [28,0,0] Assertion `-sizes[i] <= index && index < sizes[i] && "index out of bounds"` failed.
/pytorch/aten/src/ATen/native/cuda/IndexKernel.cu:94: operator(): block: [33,0,0], thread: [29,0,0] Assertion `-sizes[i] <= index && index < sizes[i] && "index out of bounds"` failed.
/pytorch/aten/src/ATen/native/cuda/IndexKernel.cu:94: operator(): block: [33,0,0], thread: [30,0,0] Assertion `-sizes[i] <= index && index < sizes[i] && "index out of bounds"` failed.
/pytorch/aten/src/ATen/native/cuda/IndexKernel.cu:94: operator(): block: [33,0,0], thread: [31,0,0] Assertion `-sizes[i] <= index && index < sizes[i] && "index out of bounds"` failed.
/pytorch/aten/src/ATen/native/cuda/IndexKernel.cu:94: operator(): block: [29,0,0], thread: [96,0,0] Assertion `-sizes[i] <= index && index < sizes[i] && "index out of bounds"` failed.
/pytorch/aten/src/ATen/native/cuda/IndexKernel.cu:94: operator(): block: [29,0,0], thread: [97,0,0] Assertion `-sizes[i] <= index && index < sizes[i] && "index out of bounds"` failed.
/pytorch/aten/src/ATen/native/cuda/IndexKernel.cu:94: operator(): block: [29,0,0], thread: [98,0,0] Assertion `-sizes[i] <= index && index < sizes[i] && "index out of bounds"` failed.
/pytorch/aten/src/ATen/native/cuda/IndexKernel.cu:94: operator(): block: [29,0,0], thread: [99,0,0] Assertion `-sizes[i] <= index && index < sizes[i] && "index out of bounds"` failed.
/pytorch/aten/src/ATen/native/cuda/IndexKernel.cu:94: operator(): block: [29,0,0], thread: [100,0,0] Assertion `-sizes[i] <= index && index < sizes[i] && "index out of bounds"` failed.
/pytorch/aten/src/ATen/native/cuda/IndexKernel.cu:94: operator(): block: [29,0,0], thread: [101,0,0] Assertion `-sizes[i] <= index && index < sizes[i] && "index out of bounds"` failed.
/pytorch/aten/src/ATen/native/cuda/IndexKernel.cu:94: operator(): block: [29,0,0], thread: [102,0,0] Assertion `-sizes[i] <= index && index < sizes[i] && "index out of bounds"` failed.
/pytorch/aten/src/ATen/native/cuda/IndexKernel.cu:94: operator(): block: [29,0,0], thread: [103,0,0] Assertion `-sizes[i] <= index && index < sizes[i] && "index out of bounds"` failed.
/pytorch/aten/src/ATen/native/cuda/IndexKernel.cu:94: operator(): block: [29,0,0], thread: [104,0,0] Assertion `-sizes[i] <= index && index < sizes[i] && "index out of bounds"` failed.
/pytorch/aten/src/ATen/native/cuda/IndexKernel.cu:94: operator(): block: [29,0,0], thread: [105,0,0] Assertion `-sizes[i] <= index && index < sizes[i] && "index out of bounds"` failed.
/pytorch/aten/src/ATen/native/cuda/IndexKernel.cu:94: operator(): block: [29,0,0], thread: [106,0,0] Assertion `-sizes[i] <= index && index < sizes[i] && "index out of bounds"` failed.
/pytorch/aten/src/ATen/native/cuda/IndexKernel.cu:94: operator(): block: [29,0,0], thread: [107,0,0] Assertion `-sizes[i] <= index && index < sizes[i] && "index out of bounds"` failed.
/pytorch/aten/src/ATen/native/cuda/IndexKernel.cu:94: operator(): block: [29,0,0], thread: [108,0,0] Assertion `-sizes[i] <= index && index < sizes[i] && "index out of bounds"` failed.
/pytorch/aten/src/ATen/native/cuda/IndexKernel.cu:94: operator(): block: [29,0,0], thread: [109,0,0] Assertion `-sizes[i] <= index && index < sizes[i] && "index out of bounds"` failed.
/pytorch/aten/src/ATen/native/cuda/IndexKernel.cu:94: operator(): block: [29,0,0], thread: [110,0,0] Assertion `-sizes[i] <= index && index < sizes[i] && "index out of bounds"` failed.
/pytorch/aten/src/ATen/native/cuda/IndexKernel.cu:94: operator(): block: [29,0,0], thread: [111,0,0] Assertion `-sizes[i] <= index && index < sizes[i] && "index out of bounds"` failed.
/pytorch/aten/src/ATen/native/cuda/IndexKernel.cu:94: operator(): block: [29,0,0], thread: [112,0,0] Assertion `-sizes[i] <= index && index < sizes[i] && "index out of bounds"` failed.
/pytorch/aten/src/ATen/native/cuda/IndexKernel.cu:94: operator(): block: [29,0,0], thread: [113,0,0] Assertion `-sizes[i] <= index && index < sizes[i] && "index out of bounds"` failed.
/pytorch/aten/src/ATen/native/cuda/IndexKernel.cu:94: operator(): block: [29,0,0], thread: [114,0,0] Assertion `-sizes[i] <= index && index < sizes[i] && "index out of bounds"` failed.
/pytorch/aten/src/ATen/native/cuda/IndexKernel.cu:94: operator(): block: [29,0,0], thread: [115,0,0] Assertion `-sizes[i] <= index && index < sizes[i] && "index out of bounds"` failed.
/pytorch/aten/src/ATen/native/cuda/IndexKernel.cu:94: operator(): block: [29,0,0], thread: [116,0,0] Assertion `-sizes[i] <= index && index < sizes[i] && "index out of bounds"` failed.
/pytorch/aten/src/ATen/native/cuda/IndexKernel.cu:94: operator(): block: [29,0,0], thread: [117,0,0] Assertion `-sizes[i] <= index && index < sizes[i] && "index out of bounds"` failed.
/pytorch/aten/src/ATen/native/cuda/IndexKernel.cu:94: operator(): block: [29,0,0], thread: [118,0,0] Assertion `-sizes[i] <= index && index < sizes[i] && "index out of bounds"` failed.
/pytorch/aten/src/ATen/native/cuda/IndexKernel.cu:94: operator(): block: [29,0,0], thread: [119,0,0] Assertion `-sizes[i] <= index && index < sizes[i] && "index out of bounds"` failed.
/pytorch/aten/src/ATen/native/cuda/IndexKernel.cu:94: operator(): block: [29,0,0], thread: [120,0,0] Assertion `-sizes[i] <= index && index < sizes[i] && "index out of bounds"` failed.
/pytorch/aten/src/ATen/native/cuda/IndexKernel.cu:94: operator(): block: [29,0,0], thread: [121,0,0] Assertion `-sizes[i] <= index && index < sizes[i] && "index out of bounds"` failed.
/pytorch/aten/src/ATen/native/cuda/IndexKernel.cu:94: operator(): block: [29,0,0], thread: [122,0,0] Assertion `-sizes[i] <= index && index < sizes[i] && "index out of bounds"` failed.
/pytorch/aten/src/ATen/native/cuda/IndexKernel.cu:94: operator(): block: [29,0,0], thread: [123,0,0] Assertion `-sizes[i] <= index && index < sizes[i] && "index out of bounds"` failed.
/pytorch/aten/src/ATen/native/cuda/IndexKernel.cu:94: operator(): block: [29,0,0], thread: [124,0,0] Assertion `-sizes[i] <= index && index < sizes[i] && "index out of bounds"` failed.
/pytorch/aten/src/ATen/native/cuda/IndexKernel.cu:94: operator(): block: [29,0,0], thread: [125,0,0] Assertion `-sizes[i] <= index && index < sizes[i] && "index out of bounds"` failed.
/pytorch/aten/src/ATen/native/cuda/IndexKernel.cu:94: operator(): block: [29,0,0], thread: [126,0,0] Assertion `-sizes[i] <= index && index < sizes[i] && "index out of bounds"` failed.
/pytorch/aten/src/ATen/native/cuda/IndexKernel.cu:94: operator(): block: [29,0,0], thread: [127,0,0] Assertion `-sizes[i] <= index && index < sizes[i] && "index out of bounds"` failed.
/pytorch/aten/src/ATen/native/cuda/IndexKernel.cu:94: operator(): block: [41,0,0], thread: [0,0,0] Assertion `-sizes[i] <= index && index < sizes[i] && "index out of bounds"` failed.
/pytorch/aten/src/ATen/native/cuda/IndexKernel.cu:94: operator(): block: [41,0,0], thread: [1,0,0] Assertion `-sizes[i] <= index && index < sizes[i] && "index out of bounds"` failed.
/pytorch/aten/src/ATen/native/cuda/IndexKernel.cu:94: operator(): block: [41,0,0], thread: [2,0,0] Assertion `-sizes[i] <= index && index < sizes[i] && "index out of bounds"` failed.
/pytorch/aten/src/ATen/native/cuda/IndexKernel.cu:94: operator(): block: [41,0,0], thread: [3,0,0] Assertion `-sizes[i] <= index && index < sizes[i] && "index out of bounds"` failed.
/pytorch/aten/src/ATen/native/cuda/IndexKernel.cu:94: operator(): block: [41,0,0], thread: [4,0,0] Assertion `-sizes[i] <= index && index < sizes[i] && "index out of bounds"` failed.
/pytorch/aten/src/ATen/native/cuda/IndexKernel.cu:94: operator(): block: [41,0,0], thread: [5,0,0] Assertion `-sizes[i] <= index && index < sizes[i] && "index out of bounds"` failed.
/pytorch/aten/src/ATen/native/cuda/IndexKernel.cu:94: operator(): block: [41,0,0], thread: [6,0,0] Assertion `-sizes[i] <= index && index < sizes[i] && "index out of bounds"` failed.
/pytorch/aten/src/ATen/native/cuda/IndexKernel.cu:94: operator(): block: [41,0,0], thread: [7,0,0] Assertion `-sizes[i] <= index && index < sizes[i] && "index out of bounds"` failed.
/pytorch/aten/src/ATen/native/cuda/IndexKernel.cu:94: operator(): block: [41,0,0], thread: [8,0,0] Assertion `-sizes[i] <= index && index < sizes[i] && "index out of bounds"` failed.
/pytorch/aten/src/ATen/native/cuda/IndexKernel.cu:94: operator(): block: [41,0,0], thread: [9,0,0] Assertion `-sizes[i] <= index && index < sizes[i] && "index out of bounds"` failed.
/pytorch/aten/src/ATen/native/cuda/IndexKernel.cu:94: operator(): block: [41,0,0], thread: [10,0,0] Assertion `-sizes[i] <= index && index < sizes[i] && "index out of bounds"` failed.
/pytorch/aten/src/ATen/native/cuda/IndexKernel.cu:94: operator(): block: [41,0,0], thread: [11,0,0] Assertion `-sizes[i] <= index && index < sizes[i] && "index out of bounds"` failed.
/pytorch/aten/src/ATen/native/cuda/IndexKernel.cu:94: operator(): block: [41,0,0], thread: [12,0,0] Assertion `-sizes[i] <= index && index < sizes[i] && "index out of bounds"` failed.
/pytorch/aten/src/ATen/native/cuda/IndexKernel.cu:94: operator(): block: [41,0,0], thread: [13,0,0] Assertion `-sizes[i] <= index && index < sizes[i] && "index out of bounds"` failed.
/pytorch/aten/src/ATen/native/cuda/IndexKernel.cu:94: operator(): block: [41,0,0], thread: [14,0,0] Assertion `-sizes[i] <= index && index < sizes[i] && "index out of bounds"` failed.
/pytorch/aten/src/ATen/native/cuda/IndexKernel.cu:94: operator(): block: [41,0,0], thread: [15,0,0] Assertion `-sizes[i] <= index && index < sizes[i] && "index out of bounds"` failed.
/pytorch/aten/src/ATen/native/cuda/IndexKernel.cu:94: operator(): block: [41,0,0], thread: [16,0,0] Assertion `-sizes[i] <= index && index < sizes[i] && "index out of bounds"` failed.
/pytorch/aten/src/ATen/native/cuda/IndexKernel.cu:94: operator(): block: [41,0,0], thread: [17,0,0] Assertion `-sizes[i] <= index && index < sizes[i] && "index out of bounds"` failed.
/pytorch/aten/src/ATen/native/cuda/IndexKernel.cu:94: operator(): block: [41,0,0], thread: [18,0,0] Assertion `-sizes[i] <= index && index < sizes[i] && "index out of bounds"` failed.
/pytorch/aten/src/ATen/native/cuda/IndexKernel.cu:94: operator(): block: [41,0,0], thread: [19,0,0] Assertion `-sizes[i] <= index && index < sizes[i] && "index out of bounds"` failed.
/pytorch/aten/src/ATen/native/cuda/IndexKernel.cu:94: operator(): block: [41,0,0], thread: [20,0,0] Assertion `-sizes[i] <= index && index < sizes[i] && "index out of bounds"` failed.
/pytorch/aten/src/ATen/native/cuda/IndexKernel.cu:94: operator(): block: [41,0,0], thread: [21,0,0] Assertion `-sizes[i] <= index && index < sizes[i] && "index out of bounds"` failed.
/pytorch/aten/src/ATen/native/cuda/IndexKernel.cu:94: operator(): block: [41,0,0], thread: [22,0,0] Assertion `-sizes[i] <= index && index < sizes[i] && "index out of bounds"` failed.
/pytorch/aten/src/ATen/native/cuda/IndexKernel.cu:94: operator(): block: [41,0,0], thread: [23,0,0] Assertion `-sizes[i] <= index && index < sizes[i] && "index out of bounds"` failed.
/pytorch/aten/src/ATen/native/cuda/IndexKernel.cu:94: operator(): block: [41,0,0], thread: [24,0,0] Assertion `-sizes[i] <= index && index < sizes[i] && "index out of bounds"` failed.
/pytorch/aten/src/ATen/native/cuda/IndexKernel.cu:94: operator(): block: [41,0,0], thread: [25,0,0] Assertion `-sizes[i] <= index && index < sizes[i] && "index out of bounds"` failed.
/pytorch/aten/src/ATen/native/cuda/IndexKernel.cu:94: operator(): block: [41,0,0], thread: [26,0,0] Assertion `-sizes[i] <= index && index < sizes[i] && "index out of bounds"` failed.
/pytorch/aten/src/ATen/native/cuda/IndexKernel.cu:94: operator(): block: [41,0,0], thread: [27,0,0] Assertion `-sizes[i] <= index && index < sizes[i] && "index out of bounds"` failed.
/pytorch/aten/src/ATen/native/cuda/IndexKernel.cu:94: operator(): block: [41,0,0], thread: [28,0,0] Assertion `-sizes[i] <= index && index < sizes[i] && "index out of bounds"` failed.
/pytorch/aten/src/ATen/native/cuda/IndexKernel.cu:94: operator(): block: [41,0,0], thread: [29,0,0] Assertion `-sizes[i] <= index && index < sizes[i] && "index out of bounds"` failed.
/pytorch/aten/src/ATen/native/cuda/IndexKernel.cu:94: operator(): block: [41,0,0], thread: [30,0,0] Assertion `-sizes[i] <= index && index < sizes[i] && "index out of bounds"` failed.
/pytorch/aten/src/ATen/native/cuda/IndexKernel.cu:94: operator(): block: [41,0,0], thread: [31,0,0] Assertion `-sizes[i] <= index && index < sizes[i] && "index out of bounds"` failed.
/pytorch/aten/src/ATen/native/cuda/IndexKernel.cu:94: operator(): block: [13,0,0], thread: [64,0,0] Assertion `-sizes[i] <= index && index < sizes[i] && "index out of bounds"` failed.
/pytorch/aten/src/ATen/native/cuda/IndexKernel.cu:94: operator(): block: [13,0,0], thread: [65,0,0] Assertion `-sizes[i] <= index && index < sizes[i] && "index out of bounds"` failed.
/pytorch/aten/src/ATen/native/cuda/IndexKernel.cu:94: operator(): block: [13,0,0], thread: [66,0,0] Assertion `-sizes[i] <= index && index < sizes[i] && "index out of bounds"` failed.
/pytorch/aten/src/ATen/native/cuda/IndexKernel.cu:94: operator(): block: [13,0,0], thread: [67,0,0] Assertion `-sizes[i] <= index && index < sizes[i] && "index out of bounds"` failed.
/pytorch/aten/src/ATen/native/cuda/IndexKernel.cu:94: operator(): block: [13,0,0], thread: [68,0,0] Assertion `-sizes[i] <= index && index < sizes[i] && "index out of bounds"` failed.
/pytorch/aten/src/ATen/native/cuda/IndexKernel.cu:94: operator(): block: [13,0,0], thread: [69,0,0] Assertion `-sizes[i] <= index && index < sizes[i] && "index out of bounds"` failed.
/pytorch/aten/src/ATen/native/cuda/IndexKernel.cu:94: operator(): block: [13,0,0], thread: [70,0,0] Assertion `-sizes[i] <= index && index < sizes[i] && "index out of bounds"` failed.
/pytorch/aten/src/ATen/native/cuda/IndexKernel.cu:94: operator(): block: [13,0,0], thread: [71,0,0] Assertion `-sizes[i] <= index && index < sizes[i] && "index out of bounds"` failed.
/pytorch/aten/src/ATen/native/cuda/IndexKernel.cu:94: operator(): block: [13,0,0], thread: [72,0,0] Assertion `-sizes[i] <= index && index < sizes[i] && "index out of bounds"` failed.
/pytorch/aten/src/ATen/native/cuda/IndexKernel.cu:94: operator(): block: [13,0,0], thread: [73,0,0] Assertion `-sizes[i] <= index && index < sizes[i] && "index out of bounds"` failed.
/pytorch/aten/src/ATen/native/cuda/IndexKernel.cu:94: operator(): block: [13,0,0], thread: [74,0,0] Assertion `-sizes[i] <= index && index < sizes[i] && "index out of bounds"` failed.
/pytorch/aten/src/ATen/native/cuda/IndexKernel.cu:94: operator(): block: [13,0,0], thread: [75,0,0] Assertion `-sizes[i] <= index && index < sizes[i] && "index out of bounds"` failed.
/pytorch/aten/src/ATen/native/cuda/IndexKernel.cu:94: operator(): block: [13,0,0], thread: [76,0,0] Assertion `-sizes[i] <= index && index < sizes[i] && "index out of bounds"` failed.
/pytorch/aten/src/ATen/native/cuda/IndexKernel.cu:94: operator(): block: [13,0,0], thread: [77,0,0] Assertion `-sizes[i] <= index && index < sizes[i] && "index out of bounds"` failed.
/pytorch/aten/src/ATen/native/cuda/IndexKernel.cu:94: operator(): block: [13,0,0], thread: [78,0,0] Assertion `-sizes[i] <= index && index < sizes[i] && "index out of bounds"` failed.
/pytorch/aten/src/ATen/native/cuda/IndexKernel.cu:94: operator(): block: [13,0,0], thread: [79,0,0] Assertion `-sizes[i] <= index && index < sizes[i] && "index out of bounds"` failed.
/pytorch/aten/src/ATen/native/cuda/IndexKernel.cu:94: operator(): block: [13,0,0], thread: [80,0,0] Assertion `-sizes[i] <= index && index < sizes[i] && "index out of bounds"` failed.
/pytorch/aten/src/ATen/native/cuda/IndexKernel.cu:94: operator(): block: [13,0,0], thread: [81,0,0] Assertion `-sizes[i] <= index && index < sizes[i] && "index out of bounds"` failed.
/pytorch/aten/src/ATen/native/cuda/IndexKernel.cu:94: operator(): block: [13,0,0], thread: [82,0,0] Assertion `-sizes[i] <= index && index < sizes[i] && "index out of bounds"` failed.
/pytorch/aten/src/ATen/native/cuda/IndexKernel.cu:94: operator(): block: [13,0,0], thread: [83,0,0] Assertion `-sizes[i] <= index && index < sizes[i] && "index out of bounds"` failed.
/pytorch/aten/src/ATen/native/cuda/IndexKernel.cu:94: operator(): block: [13,0,0], thread: [84,0,0] Assertion `-sizes[i] <= index && index < sizes[i] && "index out of bounds"` failed.
/pytorch/aten/src/ATen/native/cuda/IndexKernel.cu:94: operator(): block: [13,0,0], thread: [85,0,0] Assertion `-sizes[i] <= index && index < sizes[i] && "index out of bounds"` failed.
/pytorch/aten/src/ATen/native/cuda/IndexKernel.cu:94: operator(): block: [13,0,0], thread: [86,0,0] Assertion `-sizes[i] <= index && index < sizes[i] && "index out of bounds"` failed.
/pytorch/aten/src/ATen/native/cuda/IndexKernel.cu:94: operator(): block: [13,0,0], thread: [87,0,0] Assertion `-sizes[i] <= index && index < sizes[i] && "index out of bounds"` failed.
/pytorch/aten/src/ATen/native/cuda/IndexKernel.cu:94: operator(): block: [13,0,0], thread: [88,0,0] Assertion `-sizes[i] <= index && index < sizes[i] && "index out of bounds"` failed.
/pytorch/aten/src/ATen/native/cuda/IndexKernel.cu:94: operator(): block: [13,0,0], thread: [89,0,0] Assertion `-sizes[i] <= index && index < sizes[i] && "index out of bounds"` failed.
/pytorch/aten/src/ATen/native/cuda/IndexKernel.cu:94: operator(): block: [13,0,0], thread: [90,0,0] Assertion `-sizes[i] <= index && index < sizes[i] && "index out of bounds"` failed.
/pytorch/aten/src/ATen/native/cuda/IndexKernel.cu:94: operator(): block: [13,0,0], thread: [91,0,0] Assertion `-sizes[i] <= index && index < sizes[i] && "index out of bounds"` failed.
/pytorch/aten/src/ATen/native/cuda/IndexKernel.cu:94: operator(): block: [13,0,0], thread: [92,0,0] Assertion `-sizes[i] <= index && index < sizes[i] && "index out of bounds"` failed.
/pytorch/aten/src/ATen/native/cuda/IndexKernel.cu:94: operator(): block: [13,0,0], thread: [93,0,0] Assertion `-sizes[i] <= index && index < sizes[i] && "index out of bounds"` failed.
/pytorch/aten/src/ATen/native/cuda/IndexKernel.cu:94: operator(): block: [13,0,0], thread: [94,0,0] Assertion `-sizes[i] <= index && index < sizes[i] && "index out of bounds"` failed.
/pytorch/aten/src/ATen/native/cuda/IndexKernel.cu:94: operator(): block: [13,0,0], thread: [95,0,0] Assertion `-sizes[i] <= index && index < sizes[i] && "index out of bounds"` failed.
/pytorch/aten/src/ATen/native/cuda/IndexKernel.cu:94: operator(): block: [37,0,0], thread: [32,0,0] Assertion `-sizes[i] <= index && index < sizes[i] && "index out of bounds"` failed.
/pytorch/aten/src/ATen/native/cuda/IndexKernel.cu:94: operator(): block: [37,0,0], thread: [33,0,0] Assertion `-sizes[i] <= index && index < sizes[i] && "index out of bounds"` failed.
/pytorch/aten/src/ATen/native/cuda/IndexKernel.cu:94: operator(): block: [37,0,0], thread: [34,0,0] Assertion `-sizes[i] <= index && index < sizes[i] && "index out of bounds"` failed.
/pytorch/aten/src/ATen/native/cuda/IndexKernel.cu:94: operator(): block: [37,0,0], thread: [35,0,0] Assertion `-sizes[i] <= index && index < sizes[i] && "index out of bounds"` failed.
/pytorch/aten/src/ATen/native/cuda/IndexKernel.cu:94: operator(): block: [37,0,0], thread: [36,0,0] Assertion `-sizes[i] <= index && index < sizes[i] && "index out of bounds"` failed.
/pytorch/aten/src/ATen/native/cuda/IndexKernel.cu:94: operator(): block: [37,0,0], thread: [37,0,0] Assertion `-sizes[i] <= index && index < sizes[i] && "index out of bounds"` failed.
/pytorch/aten/src/ATen/native/cuda/IndexKernel.cu:94: operator(): block: [37,0,0], thread: [38,0,0] Assertion `-sizes[i] <= index && index < sizes[i] && "index out of bounds"` failed.
/pytorch/aten/src/ATen/native/cuda/IndexKernel.cu:94: operator(): block: [37,0,0], thread: [39,0,0] Assertion `-sizes[i] <= index && index < sizes[i] && "index out of bounds"` failed.
/pytorch/aten/src/ATen/native/cuda/IndexKernel.cu:94: operator(): block: [37,0,0], thread: [40,0,0] Assertion `-sizes[i] <= index && index < sizes[i] && "index out of bounds"` failed.
/pytorch/aten/src/ATen/native/cuda/IndexKernel.cu:94: operator(): block: [37,0,0], thread: [41,0,0] Assertion `-sizes[i] <= index && index < sizes[i] && "index out of bounds"` failed.
/pytorch/aten/src/ATen/native/cuda/IndexKernel.cu:94: operator(): block: [37,0,0], thread: [42,0,0] Assertion `-sizes[i] <= index && index < sizes[i] && "index out of bounds"` failed.
/pytorch/aten/src/ATen/native/cuda/IndexKernel.cu:94: operator(): block: [37,0,0], thread: [43,0,0] Assertion `-sizes[i] <= index && index < sizes[i] && "index out of bounds"` failed.
/pytorch/aten/src/ATen/native/cuda/IndexKernel.cu:94: operator(): block: [37,0,0], thread: [44,0,0] Assertion `-sizes[i] <= index && index < sizes[i] && "index out of bounds"` failed.
/pytorch/aten/src/ATen/native/cuda/IndexKernel.cu:94: operator(): block: [37,0,0], thread: [45,0,0] Assertion `-sizes[i] <= index && index < sizes[i] && "index out of bounds"` failed.
/pytorch/aten/src/ATen/native/cuda/IndexKernel.cu:94: operator(): block: [37,0,0], thread: [46,0,0] Assertion `-sizes[i] <= index && index < sizes[i] && "index out of bounds"` failed.
/pytorch/aten/src/ATen/native/cuda/IndexKernel.cu:94: operator(): block: [37,0,0], thread: [47,0,0] Assertion `-sizes[i] <= index && index < sizes[i] && "index out of bounds"` failed.
/pytorch/aten/src/ATen/native/cuda/IndexKernel.cu:94: operator(): block: [37,0,0], thread: [48,0,0] Assertion `-sizes[i] <= index && index < sizes[i] && "index out of bounds"` failed.
/pytorch/aten/src/ATen/native/cuda/IndexKernel.cu:94: operator(): block: [37,0,0], thread: [49,0,0] Assertion `-sizes[i] <= index && index < sizes[i] && "index out of bounds"` failed.
/pytorch/aten/src/ATen/native/cuda/IndexKernel.cu:94: operator(): block: [37,0,0], thread: [50,0,0] Assertion `-sizes[i] <= index && index < sizes[i] && "index out of bounds"` failed.
/pytorch/aten/src/ATen/native/cuda/IndexKernel.cu:94: operator(): block: [37,0,0], thread: [51,0,0] Assertion `-sizes[i] <= index && index < sizes[i] && "index out of bounds"` failed.
/pytorch/aten/src/ATen/native/cuda/IndexKernel.cu:94: operator(): block: [37,0,0], thread: [52,0,0] Assertion `-sizes[i] <= index && index < sizes[i] && "index out of bounds"` failed.
/pytorch/aten/src/ATen/native/cuda/IndexKernel.cu:94: operator(): block: [37,0,0], thread: [53,0,0] Assertion `-sizes[i] <= index && index < sizes[i] && "index out of bounds"` failed.
/pytorch/aten/src/ATen/native/cuda/IndexKernel.cu:94: operator(): block: [37,0,0], thread: [54,0,0] Assertion `-sizes[i] <= index && index < sizes[i] && "index out of bounds"` failed.
/pytorch/aten/src/ATen/native/cuda/IndexKernel.cu:94: operator(): block: [37,0,0], thread: [55,0,0] Assertion `-sizes[i] <= index && index < sizes[i] && "index out of bounds"` failed.
/pytorch/aten/src/ATen/native/cuda/IndexKernel.cu:94: operator(): block: [37,0,0], thread: [56,0,0] Assertion `-sizes[i] <= index && index < sizes[i] && "index out of bounds"` failed.
/pytorch/aten/src/ATen/native/cuda/IndexKernel.cu:94: operator(): block: [37,0,0], thread: [57,0,0] Assertion `-sizes[i] <= index && index < sizes[i] && "index out of bounds"` failed.
/pytorch/aten/src/ATen/native/cuda/IndexKernel.cu:94: operator(): block: [37,0,0], thread: [58,0,0] Assertion `-sizes[i] <= index && index < sizes[i] && "index out of bounds"` failed.
/pytorch/aten/src/ATen/native/cuda/IndexKernel.cu:94: operator(): block: [37,0,0], thread: [59,0,0] Assertion `-sizes[i] <= index && index < sizes[i] && "index out of bounds"` failed.
/pytorch/aten/src/ATen/native/cuda/IndexKernel.cu:94: operator(): block: [37,0,0], thread: [60,0,0] Assertion `-sizes[i] <= index && index < sizes[i] && "index out of bounds"` failed.
/pytorch/aten/src/ATen/native/cuda/IndexKernel.cu:94: operator(): block: [37,0,0], thread: [61,0,0] Assertion `-sizes[i] <= index && index < sizes[i] && "index out of bounds"` failed.
/pytorch/aten/src/ATen/native/cuda/IndexKernel.cu:94: operator(): block: [37,0,0], thread: [62,0,0] Assertion `-sizes[i] <= index && index < sizes[i] && "index out of bounds"` failed.
/pytorch/aten/src/ATen/native/cuda/IndexKernel.cu:94: operator(): block: [37,0,0], thread: [63,0,0] Assertion `-sizes[i] <= index && index < sizes[i] && "index out of bounds"` failed.
/pytorch/aten/src/ATen/native/cuda/IndexKernel.cu:94: operator(): block: [25,0,0], thread: [32,0,0] Assertion `-sizes[i] <= index && index < sizes[i] && "index out of bounds"` failed.
/pytorch/aten/src/ATen/native/cuda/IndexKernel.cu:94: operator(): block: [25,0,0], thread: [33,0,0] Assertion `-sizes[i] <= index && index < sizes[i] && "index out of bounds"` failed.
/pytorch/aten/src/ATen/native/cuda/IndexKernel.cu:94: operator(): block: [25,0,0], thread: [34,0,0] Assertion `-sizes[i] <= index && index < sizes[i] && "index out of bounds"` failed.
/pytorch/aten/src/ATen/native/cuda/IndexKernel.cu:94: operator(): block: [25,0,0], thread: [35,0,0] Assertion `-sizes[i] <= index && index < sizes[i] && "index out of bounds"` failed.
/pytorch/aten/src/ATen/native/cuda/IndexKernel.cu:94: operator(): block: [25,0,0], thread: [36,0,0] Assertion `-sizes[i] <= index && index < sizes[i] && "index out of bounds"` failed.
/pytorch/aten/src/ATen/native/cuda/IndexKernel.cu:94: operator(): block: [25,0,0], thread: [37,0,0] Assertion `-sizes[i] <= index && index < sizes[i] && "index out of bounds"` failed.
/pytorch/aten/src/ATen/native/cuda/IndexKernel.cu:94: operator(): block: [25,0,0], thread: [38,0,0] Assertion `-sizes[i] <= index && index < sizes[i] && "index out of bounds"` failed.
/pytorch/aten/src/ATen/native/cuda/IndexKernel.cu:94: operator(): block: [25,0,0], thread: [39,0,0] Assertion `-sizes[i] <= index && index < sizes[i] && "index out of bounds"` failed.
/pytorch/aten/src/ATen/native/cuda/IndexKernel.cu:94: operator(): block: [25,0,0], thread: [40,0,0] Assertion `-sizes[i] <= index && index < sizes[i] && "index out of bounds"` failed.
/pytorch/aten/src/ATen/native/cuda/IndexKernel.cu:94: operator(): block: [25,0,0], thread: [41,0,0] Assertion `-sizes[i] <= index && index < sizes[i] && "index out of bounds"` failed.
/pytorch/aten/src/ATen/native/cuda/IndexKernel.cu:94: operator(): block: [25,0,0], thread: [42,0,0] Assertion `-sizes[i] <= index && index < sizes[i] && "index out of bounds"` failed.
/pytorch/aten/src/ATen/native/cuda/IndexKernel.cu:94: operator(): block: [25,0,0], thread: [43,0,0] Assertion `-sizes[i] <= index && index < sizes[i] && "index out of bounds"` failed.
/pytorch/aten/src/ATen/native/cuda/IndexKernel.cu:94: operator(): block: [25,0,0], thread: [44,0,0] Assertion `-sizes[i] <= index && index < sizes[i] && "index out of bounds"` failed.
/pytorch/aten/src/ATen/native/cuda/IndexKernel.cu:94: operator(): block: [25,0,0], thread: [45,0,0] Assertion `-sizes[i] <= index && index < sizes[i] && "index out of bounds"` failed.
/pytorch/aten/src/ATen/native/cuda/IndexKernel.cu:94: operator(): block: [25,0,0], thread: [46,0,0] Assertion `-sizes[i] <= index && index < sizes[i] && "index out of bounds"` failed.
/pytorch/aten/src/ATen/native/cuda/IndexKernel.cu:94: operator(): block: [25,0,0], thread: [47,0,0] Assertion `-sizes[i] <= index && index < sizes[i] && "index out of bounds"` failed.
/pytorch/aten/src/ATen/native/cuda/IndexKernel.cu:94: operator(): block: [25,0,0], thread: [48,0,0] Assertion `-sizes[i] <= index && index < sizes[i] && "index out of bounds"` failed.
/pytorch/aten/src/ATen/native/cuda/IndexKernel.cu:94: operator(): block: [25,0,0], thread: [49,0,0] Assertion `-sizes[i] <= index && index < sizes[i] && "index out of bounds"` failed.
/pytorch/aten/src/ATen/native/cuda/IndexKernel.cu:94: operator(): block: [25,0,0], thread: [50,0,0] Assertion `-sizes[i] <= index && index < sizes[i] && "index out of bounds"` failed.
/pytorch/aten/src/ATen/native/cuda/IndexKernel.cu:94: operator(): block: [25,0,0], thread: [51,0,0] Assertion `-sizes[i] <= index && index < sizes[i] && "index out of bounds"` failed.
/pytorch/aten/src/ATen/native/cuda/IndexKernel.cu:94: operator(): block: [25,0,0], thread: [52,0,0] Assertion `-sizes[i] <= index && index < sizes[i] && "index out of bounds"` failed.
/pytorch/aten/src/ATen/native/cuda/IndexKernel.cu:94: operator(): block: [25,0,0], thread: [53,0,0] Assertion `-sizes[i] <= index && index < sizes[i] && "index out of bounds"` failed.
/pytorch/aten/src/ATen/native/cuda/IndexKernel.cu:94: operator(): block: [25,0,0], thread: [54,0,0] Assertion `-sizes[i] <= index && index < sizes[i] && "index out of bounds"` failed.
/pytorch/aten/src/ATen/native/cuda/IndexKernel.cu:94: operator(): block: [25,0,0], thread: [55,0,0] Assertion `-sizes[i] <= index && index < sizes[i] && "index out of bounds"` failed.
/pytorch/aten/src/ATen/native/cuda/IndexKernel.cu:94: operator(): block: [25,0,0], thread: [56,0,0] Assertion `-sizes[i] <= index && index < sizes[i] && "index out of bounds"` failed.
/pytorch/aten/src/ATen/native/cuda/IndexKernel.cu:94: operator(): block: [25,0,0], thread: [57,0,0] Assertion `-sizes[i] <= index && index < sizes[i] && "index out of bounds"` failed.
/pytorch/aten/src/ATen/native/cuda/IndexKernel.cu:94: operator(): block: [25,0,0], thread: [58,0,0] Assertion `-sizes[i] <= index && index < sizes[i] && "index out of bounds"` failed.
/pytorch/aten/src/ATen/native/cuda/IndexKernel.cu:94: operator(): block: [25,0,0], thread: [59,0,0] Assertion `-sizes[i] <= index && index < sizes[i] && "index out of bounds"` failed.
/pytorch/aten/src/ATen/native/cuda/IndexKernel.cu:94: operator(): block: [25,0,0], thread: [60,0,0] Assertion `-sizes[i] <= index && index < sizes[i] && "index out of bounds"` failed.
/pytorch/aten/src/ATen/native/cuda/IndexKernel.cu:94: operator(): block: [25,0,0], thread: [61,0,0] Assertion `-sizes[i] <= index && index < sizes[i] && "index out of bounds"` failed.
/pytorch/aten/src/ATen/native/cuda/IndexKernel.cu:94: operator(): block: [25,0,0], thread: [62,0,0] Assertion `-sizes[i] <= index && index < sizes[i] && "index out of bounds"` failed.
/pytorch/aten/src/ATen/native/cuda/IndexKernel.cu:94: operator(): block: [25,0,0], thread: [63,0,0] Assertion `-sizes[i] <= index && index < sizes[i] && "index out of bounds"` failed.
/pytorch/aten/src/ATen/native/cuda/IndexKernel.cu:94: operator(): block: [135,0,0], thread: [0,0,0] Assertion `-sizes[i] <= index && index < sizes[i] && "index out of bounds"` failed.
/pytorch/aten/src/ATen/native/cuda/IndexKernel.cu:94: operator(): block: [135,0,0], thread: [1,0,0] Assertion `-sizes[i] <= index && index < sizes[i] && "index out of bounds"` failed.
/pytorch/aten/src/ATen/native/cuda/IndexKernel.cu:94: operator(): block: [135,0,0], thread: [2,0,0] Assertion `-sizes[i] <= index && index < sizes[i] && "index out of bounds"` failed.
/pytorch/aten/src/ATen/native/cuda/IndexKernel.cu:94: operator(): block: [135,0,0], thread: [3,0,0] Assertion `-sizes[i] <= index && index < sizes[i] && "index out of bounds"` failed.
/pytorch/aten/src/ATen/native/cuda/IndexKernel.cu:94: operator(): block: [135,0,0], thread: [4,0,0] Assertion `-sizes[i] <= index && index < sizes[i] && "index out of bounds"` failed.
/pytorch/aten/src/ATen/native/cuda/IndexKernel.cu:94: operator(): block: [135,0,0], thread: [5,0,0] Assertion `-sizes[i] <= index && index < sizes[i] && "index out of bounds"` failed.
/pytorch/aten/src/ATen/native/cuda/IndexKernel.cu:94: operator(): block: [135,0,0], thread: [6,0,0] Assertion `-sizes[i] <= index && index < sizes[i] && "index out of bounds"` failed.
/pytorch/aten/src/ATen/native/cuda/IndexKernel.cu:94: operator(): block: [135,0,0], thread: [7,0,0] Assertion `-sizes[i] <= index && index < sizes[i] && "index out of bounds"` failed.
/pytorch/aten/src/ATen/native/cuda/IndexKernel.cu:94: operator(): block: [135,0,0], thread: [8,0,0] Assertion `-sizes[i] <= index && index < sizes[i] && "index out of bounds"` failed.
/pytorch/aten/src/ATen/native/cuda/IndexKernel.cu:94: operator(): block: [135,0,0], thread: [9,0,0] Assertion `-sizes[i] <= index && index < sizes[i] && "index out of bounds"` failed.
/pytorch/aten/src/ATen/native/cuda/IndexKernel.cu:94: operator(): block: [135,0,0], thread: [10,0,0] Assertion `-sizes[i] <= index && index < sizes[i] && "index out of bounds"` failed.
/pytorch/aten/src/ATen/native/cuda/IndexKernel.cu:94: operator(): block: [135,0,0], thread: [11,0,0] Assertion `-sizes[i] <= index && index < sizes[i] && "index out of bounds"` failed.
/pytorch/aten/src/ATen/native/cuda/IndexKernel.cu:94: operator(): block: [135,0,0], thread: [12,0,0] Assertion `-sizes[i] <= index && index < sizes[i] && "index out of bounds"` failed.
/pytorch/aten/src/ATen/native/cuda/IndexKernel.cu:94: operator(): block: [135,0,0], thread: [13,0,0] Assertion `-sizes[i] <= index && index < sizes[i] && "index out of bounds"` failed.
/pytorch/aten/src/ATen/native/cuda/IndexKernel.cu:94: operator(): block: [135,0,0], thread: [14,0,0] Assertion `-sizes[i] <= index && index < sizes[i] && "index out of bounds"` failed.
/pytorch/aten/src/ATen/native/cuda/IndexKernel.cu:94: operator(): block: [135,0,0], thread: [15,0,0] Assertion `-sizes[i] <= index && index < sizes[i] && "index out of bounds"` failed.
/pytorch/aten/src/ATen/native/cuda/IndexKernel.cu:94: operator(): block: [135,0,0], thread: [16,0,0] Assertion `-sizes[i] <= index && index < sizes[i] && "index out of bounds"` failed.
/pytorch/aten/src/ATen/native/cuda/IndexKernel.cu:94: operator(): block: [135,0,0], thread: [17,0,0] Assertion `-sizes[i] <= index && index < sizes[i] && "index out of bounds"` failed.
/pytorch/aten/src/ATen/native/cuda/IndexKernel.cu:94: operator(): block: [135,0,0], thread: [18,0,0] Assertion `-sizes[i] <= index && index < sizes[i] && "index out of bounds"` failed.
/pytorch/aten/src/ATen/native/cuda/IndexKernel.cu:94: operator(): block: [135,0,0], thread: [19,0,0] Assertion `-sizes[i] <= index && index < sizes[i] && "index out of bounds"` failed.
/pytorch/aten/src/ATen/native/cuda/IndexKernel.cu:94: operator(): block: [135,0,0], thread: [20,0,0] Assertion `-sizes[i] <= index && index < sizes[i] && "index out of bounds"` failed.
/pytorch/aten/src/ATen/native/cuda/IndexKernel.cu:94: operator(): block: [135,0,0], thread: [21,0,0] Assertion `-sizes[i] <= index && index < sizes[i] && "index out of bounds"` failed.
/pytorch/aten/src/ATen/native/cuda/IndexKernel.cu:94: operator(): block: [135,0,0], thread: [22,0,0] Assertion `-sizes[i] <= index && index < sizes[i] && "index out of bounds"` failed.
/pytorch/aten/src/ATen/native/cuda/IndexKernel.cu:94: operator(): block: [135,0,0], thread: [23,0,0] Assertion `-sizes[i] <= index && index < sizes[i] && "index out of bounds"` failed.
/pytorch/aten/src/ATen/native/cuda/IndexKernel.cu:94: operator(): block: [135,0,0], thread: [24,0,0] Assertion `-sizes[i] <= index && index < sizes[i] && "index out of bounds"` failed.
/pytorch/aten/src/ATen/native/cuda/IndexKernel.cu:94: operator(): block: [135,0,0], thread: [25,0,0] Assertion `-sizes[i] <= index && index < sizes[i] && "index out of bounds"` failed.
/pytorch/aten/src/ATen/native/cuda/IndexKernel.cu:94: operator(): block: [135,0,0], thread: [26,0,0] Assertion `-sizes[i] <= index && index < sizes[i] && "index out of bounds"` failed.
/pytorch/aten/src/ATen/native/cuda/IndexKernel.cu:94: operator(): block: [135,0,0], thread: [27,0,0] Assertion `-sizes[i] <= index && index < sizes[i] && "index out of bounds"` failed.
/pytorch/aten/src/ATen/native/cuda/IndexKernel.cu:94: operator(): block: [135,0,0], thread: [28,0,0] Assertion `-sizes[i] <= index && index < sizes[i] && "index out of bounds"` failed.
/pytorch/aten/src/ATen/native/cuda/IndexKernel.cu:94: operator(): block: [135,0,0], thread: [29,0,0] Assertion `-sizes[i] <= index && index < sizes[i] && "index out of bounds"` failed.
/pytorch/aten/src/ATen/native/cuda/IndexKernel.cu:94: operator(): block: [135,0,0], thread: [30,0,0] Assertion `-sizes[i] <= index && index < sizes[i] && "index out of bounds"` failed.
/pytorch/aten/src/ATen/native/cuda/IndexKernel.cu:94: operator(): block: [135,0,0], thread: [31,0,0] Assertion `-sizes[i] <= index && index < sizes[i] && "index out of bounds"` failed.
/pytorch/aten/src/ATen/native/cuda/IndexKernel.cu:94: operator(): block: [66,0,0], thread: [64,0,0] Assertion `-sizes[i] <= index && index < sizes[i] && "index out of bounds"` failed.
/pytorch/aten/src/ATen/native/cuda/IndexKernel.cu:94: operator(): block: [66,0,0], thread: [65,0,0] Assertion `-sizes[i] <= index && index < sizes[i] && "index out of bounds"` failed.
/pytorch/aten/src/ATen/native/cuda/IndexKernel.cu:94: operator(): block: [66,0,0], thread: [66,0,0] Assertion `-sizes[i] <= index && index < sizes[i] && "index out of bounds"` failed.
/pytorch/aten/src/ATen/native/cuda/IndexKernel.cu:94: operator(): block: [66,0,0], thread: [67,0,0] Assertion `-sizes[i] <= index && index < sizes[i] && "index out of bounds"` failed.
/pytorch/aten/src/ATen/native/cuda/IndexKernel.cu:94: operator(): block: [66,0,0], thread: [68,0,0] Assertion `-sizes[i] <= index && index < sizes[i] && "index out of bounds"` failed.
/pytorch/aten/src/ATen/native/cuda/IndexKernel.cu:94: operator(): block: [66,0,0], thread: [69,0,0] Assertion `-sizes[i] <= index && index < sizes[i] && "index out of bounds"` failed.
/pytorch/aten/src/ATen/native/cuda/IndexKernel.cu:94: operator(): block: [66,0,0], thread: [70,0,0] Assertion `-sizes[i] <= index && index < sizes[i] && "index out of bounds"` failed.
/pytorch/aten/src/ATen/native/cuda/IndexKernel.cu:94: operator(): block: [66,0,0], thread: [71,0,0] Assertion `-sizes[i] <= index && index < sizes[i] && "index out of bounds"` failed.
/pytorch/aten/src/ATen/native/cuda/IndexKernel.cu:94: operator(): block: [66,0,0], thread: [72,0,0] Assertion `-sizes[i] <= index && index < sizes[i] && "index out of bounds"` failed.
/pytorch/aten/src/ATen/native/cuda/IndexKernel.cu:94: operator(): block: [66,0,0], thread: [73,0,0] Assertion `-sizes[i] <= index && index < sizes[i] && "index out of bounds"` failed.
/pytorch/aten/src/ATen/native/cuda/IndexKernel.cu:94: operator(): block: [66,0,0], thread: [74,0,0] Assertion `-sizes[i] <= index && index < sizes[i] && "index out of bounds"` failed.
/pytorch/aten/src/ATen/native/cuda/IndexKernel.cu:94: operator(): block: [66,0,0], thread: [75,0,0] Assertion `-sizes[i] <= index && index < sizes[i] && "index out of bounds"` failed.
/pytorch/aten/src/ATen/native/cuda/IndexKernel.cu:94: operator(): block: [66,0,0], thread: [76,0,0] Assertion `-sizes[i] <= index && index < sizes[i] && "index out of bounds"` failed.
/pytorch/aten/src/ATen/native/cuda/IndexKernel.cu:94: operator(): block: [66,0,0], thread: [77,0,0] Assertion `-sizes[i] <= index && index < sizes[i] && "index out of bounds"` failed.
/pytorch/aten/src/ATen/native/cuda/IndexKernel.cu:94: operator(): block: [66,0,0], thread: [78,0,0] Assertion `-sizes[i] <= index && index < sizes[i] && "index out of bounds"` failed.
/pytorch/aten/src/ATen/native/cuda/IndexKernel.cu:94: operator(): block: [66,0,0], thread: [79,0,0] Assertion `-sizes[i] <= index && index < sizes[i] && "index out of bounds"` failed.
/pytorch/aten/src/ATen/native/cuda/IndexKernel.cu:94: operator(): block: [66,0,0], thread: [80,0,0] Assertion `-sizes[i] <= index && index < sizes[i] && "index out of bounds"` failed.
/pytorch/aten/src/ATen/native/cuda/IndexKernel.cu:94: operator(): block: [66,0,0], thread: [81,0,0] Assertion `-sizes[i] <= index && index < sizes[i] && "index out of bounds"` failed.
/pytorch/aten/src/ATen/native/cuda/IndexKernel.cu:94: operator(): block: [66,0,0], thread: [82,0,0] Assertion `-sizes[i] <= index && index < sizes[i] && "index out of bounds"` failed.
/pytorch/aten/src/ATen/native/cuda/IndexKernel.cu:94: operator(): block: [66,0,0], thread: [83,0,0] Assertion `-sizes[i] <= index && index < sizes[i] && "index out of bounds"` failed.
/pytorch/aten/src/ATen/native/cuda/IndexKernel.cu:94: operator(): block: [66,0,0], thread: [84,0,0] Assertion `-sizes[i] <= index && index < sizes[i] && "index out of bounds"` failed.
/pytorch/aten/src/ATen/native/cuda/IndexKernel.cu:94: operator(): block: [66,0,0], thread: [85,0,0] Assertion `-sizes[i] <= index && index < sizes[i] && "index out of bounds"` failed.
/pytorch/aten/src/ATen/native/cuda/IndexKernel.cu:94: operator(): block: [66,0,0], thread: [86,0,0] Assertion `-sizes[i] <= index && index < sizes[i] && "index out of bounds"` failed.
/pytorch/aten/src/ATen/native/cuda/IndexKernel.cu:94: operator(): block: [66,0,0], thread: [87,0,0] Assertion `-sizes[i] <= index && index < sizes[i] && "index out of bounds"` failed.
/pytorch/aten/src/ATen/native/cuda/IndexKernel.cu:94: operator(): block: [66,0,0], thread: [88,0,0] Assertion `-sizes[i] <= index && index < sizes[i] && "index out of bounds"` failed.
/pytorch/aten/src/ATen/native/cuda/IndexKernel.cu:94: operator(): block: [66,0,0], thread: [89,0,0] Assertion `-sizes[i] <= index && index < sizes[i] && "index out of bounds"` failed.
/pytorch/aten/src/ATen/native/cuda/IndexKernel.cu:94: operator(): block: [66,0,0], thread: [90,0,0] Assertion `-sizes[i] <= index && index < sizes[i] && "index out of bounds"` failed.
/pytorch/aten/src/ATen/native/cuda/IndexKernel.cu:94: operator(): block: [66,0,0], thread: [91,0,0] Assertion `-sizes[i] <= index && index < sizes[i] && "index out of bounds"` failed.
/pytorch/aten/src/ATen/native/cuda/IndexKernel.cu:94: operator(): block: [66,0,0], thread: [92,0,0] Assertion `-sizes[i] <= index && index < sizes[i] && "index out of bounds"` failed.
/pytorch/aten/src/ATen/native/cuda/IndexKernel.cu:94: operator(): block: [66,0,0], thread: [93,0,0] Assertion `-sizes[i] <= index && index < sizes[i] && "index out of bounds"` failed.
/pytorch/aten/src/ATen/native/cuda/IndexKernel.cu:94: operator(): block: [66,0,0], thread: [94,0,0] Assertion `-sizes[i] <= index && index < sizes[i] && "index out of bounds"` failed.
/pytorch/aten/src/ATen/native/cuda/IndexKernel.cu:94: operator(): block: [66,0,0], thread: [95,0,0] Assertion `-sizes[i] <= index && index < sizes[i] && "index out of bounds"` failed.
/pytorch/aten/src/ATen/native/cuda/IndexKernel.cu:94: operator(): block: [61,0,0], thread: [64,0,0] Assertion `-sizes[i] <= index && index < sizes[i] && "index out of bounds"` failed.
/pytorch/aten/src/ATen/native/cuda/IndexKernel.cu:94: operator(): block: [61,0,0], thread: [65,0,0] Assertion `-sizes[i] <= index && index < sizes[i] && "index out of bounds"` failed.
/pytorch/aten/src/ATen/native/cuda/IndexKernel.cu:94: operator(): block: [61,0,0], thread: [66,0,0] Assertion `-sizes[i] <= index && index < sizes[i] && "index out of bounds"` failed.
/pytorch/aten/src/ATen/native/cuda/IndexKernel.cu:94: operator(): block: [61,0,0], thread: [67,0,0] Assertion `-sizes[i] <= index && index < sizes[i] && "index out of bounds"` failed.
/pytorch/aten/src/ATen/native/cuda/IndexKernel.cu:94: operator(): block: [61,0,0], thread: [68,0,0] Assertion `-sizes[i] <= index && index < sizes[i] && "index out of bounds"` failed.
/pytorch/aten/src/ATen/native/cuda/IndexKernel.cu:94: operator(): block: [61,0,0], thread: [69,0,0] Assertion `-sizes[i] <= index && index < sizes[i] && "index out of bounds"` failed.
/pytorch/aten/src/ATen/native/cuda/IndexKernel.cu:94: operator(): block: [61,0,0], thread: [70,0,0] Assertion `-sizes[i] <= index && index < sizes[i] && "index out of bounds"` failed.
/pytorch/aten/src/ATen/native/cuda/IndexKernel.cu:94: operator(): block: [61,0,0], thread: [71,0,0] Assertion `-sizes[i] <= index && index < sizes[i] && "index out of bounds"` failed.
/pytorch/aten/src/ATen/native/cuda/IndexKernel.cu:94: operator(): block: [61,0,0], thread: [72,0,0] Assertion `-sizes[i] <= index && index < sizes[i] && "index out of bounds"` failed.
/pytorch/aten/src/ATen/native/cuda/IndexKernel.cu:94: operator(): block: [61,0,0], thread: [73,0,0] Assertion `-sizes[i] <= index && index < sizes[i] && "index out of bounds"` failed.
/pytorch/aten/src/ATen/native/cuda/IndexKernel.cu:94: operator(): block: [61,0,0], thread: [74,0,0] Assertion `-sizes[i] <= index && index < sizes[i] && "index out of bounds"` failed.
/pytorch/aten/src/ATen/native/cuda/IndexKernel.cu:94: operator(): block: [61,0,0], thread: [75,0,0] Assertion `-sizes[i] <= index && index < sizes[i] && "index out of bounds"` failed.
/pytorch/aten/src/ATen/native/cuda/IndexKernel.cu:94: operator(): block: [61,0,0], thread: [76,0,0] Assertion `-sizes[i] <= index && index < sizes[i] && "index out of bounds"` failed.
/pytorch/aten/src/ATen/native/cuda/IndexKernel.cu:94: operator(): block: [61,0,0], thread: [77,0,0] Assertion `-sizes[i] <= index && index < sizes[i] && "index out of bounds"` failed.
/pytorch/aten/src/ATen/native/cuda/IndexKernel.cu:94: operator(): block: [61,0,0], thread: [78,0,0] Assertion `-sizes[i] <= index && index < sizes[i] && "index out of bounds"` failed.
/pytorch/aten/src/ATen/native/cuda/IndexKernel.cu:94: operator(): block: [61,0,0], thread: [79,0,0] Assertion `-sizes[i] <= index && index < sizes[i] && "index out of bounds"` failed.
/pytorch/aten/src/ATen/native/cuda/IndexKernel.cu:94: operator(): block: [61,0,0], thread: [80,0,0] Assertion `-sizes[i] <= index && index < sizes[i] && "index out of bounds"` failed.
/pytorch/aten/src/ATen/native/cuda/IndexKernel.cu:94: operator(): block: [61,0,0], thread: [81,0,0] Assertion `-sizes[i] <= index && index < sizes[i] && "index out of bounds"` failed.
/pytorch/aten/src/ATen/native/cuda/IndexKernel.cu:94: operator(): block: [61,0,0], thread: [82,0,0] Assertion `-sizes[i] <= index && index < sizes[i] && "index out of bounds"` failed.
/pytorch/aten/src/ATen/native/cuda/IndexKernel.cu:94: operator(): block: [61,0,0], thread: [83,0,0] Assertion `-sizes[i] <= index && index < sizes[i] && "index out of bounds"` failed.
/pytorch/aten/src/ATen/native/cuda/IndexKernel.cu:94: operator(): block: [61,0,0], thread: [84,0,0] Assertion `-sizes[i] <= index && index < sizes[i] && "index out of bounds"` failed.
/pytorch/aten/src/ATen/native/cuda/IndexKernel.cu:94: operator(): block: [61,0,0], thread: [85,0,0] Assertion `-sizes[i] <= index && index < sizes[i] && "index out of bounds"` failed.
/pytorch/aten/src/ATen/native/cuda/IndexKernel.cu:94: operator(): block: [61,0,0], thread: [86,0,0] Assertion `-sizes[i] <= index && index < sizes[i] && "index out of bounds"` failed.
/pytorch/aten/src/ATen/native/cuda/IndexKernel.cu:94: operator(): block: [61,0,0], thread: [87,0,0] Assertion `-sizes[i] <= index && index < sizes[i] && "index out of bounds"` failed.
/pytorch/aten/src/ATen/native/cuda/IndexKernel.cu:94: operator(): block: [61,0,0], thread: [88,0,0] Assertion `-sizes[i] <= index && index < sizes[i] && "index out of bounds"` failed.
/pytorch/aten/src/ATen/native/cuda/IndexKernel.cu:94: operator(): block: [61,0,0], thread: [89,0,0] Assertion `-sizes[i] <= index && index < sizes[i] && "index out of bounds"` failed.
/pytorch/aten/src/ATen/native/cuda/IndexKernel.cu:94: operator(): block: [61,0,0], thread: [90,0,0] Assertion `-sizes[i] <= index && index < sizes[i] && "index out of bounds"` failed.
/pytorch/aten/src/ATen/native/cuda/IndexKernel.cu:94: operator(): block: [61,0,0], thread: [91,0,0] Assertion `-sizes[i] <= index && index < sizes[i] && "index out of bounds"` failed.
/pytorch/aten/src/ATen/native/cuda/IndexKernel.cu:94: operator(): block: [61,0,0], thread: [92,0,0] Assertion `-sizes[i] <= index && index < sizes[i] && "index out of bounds"` failed.
/pytorch/aten/src/ATen/native/cuda/IndexKernel.cu:94: operator(): block: [61,0,0], thread: [93,0,0] Assertion `-sizes[i] <= index && index < sizes[i] && "index out of bounds"` failed.
/pytorch/aten/src/ATen/native/cuda/IndexKernel.cu:94: operator(): block: [61,0,0], thread: [94,0,0] Assertion `-sizes[i] <= index && index < sizes[i] && "index out of bounds"` failed.
/pytorch/aten/src/ATen/native/cuda/IndexKernel.cu:94: operator(): block: [61,0,0], thread: [95,0,0] Assertion `-sizes[i] <= index && index < sizes[i] && "index out of bounds"` failed.
/pytorch/aten/src/ATen/native/cuda/IndexKernel.cu:94: operator(): block: [136,0,0], thread: [0,0,0] Assertion `-sizes[i] <= index && index < sizes[i] && "index out of bounds"` failed.
/pytorch/aten/src/ATen/native/cuda/IndexKernel.cu:94: operator(): block: [136,0,0], thread: [1,0,0] Assertion `-sizes[i] <= index && index < sizes[i] && "index out of bounds"` failed.
/pytorch/aten/src/ATen/native/cuda/IndexKernel.cu:94: operator(): block: [136,0,0], thread: [2,0,0] Assertion `-sizes[i] <= index && index < sizes[i] && "index out of bounds"` failed.
/pytorch/aten/src/ATen/native/cuda/IndexKernel.cu:94: operator(): block: [136,0,0], thread: [3,0,0] Assertion `-sizes[i] <= index && index < sizes[i] && "index out of bounds"` failed.
/pytorch/aten/src/ATen/native/cuda/IndexKernel.cu:94: operator(): block: [136,0,0], thread: [4,0,0] Assertion `-sizes[i] <= index && index < sizes[i] && "index out of bounds"` failed.
/pytorch/aten/src/ATen/native/cuda/IndexKernel.cu:94: operator(): block: [136,0,0], thread: [5,0,0] Assertion `-sizes[i] <= index && index < sizes[i] && "index out of bounds"` failed.
/pytorch/aten/src/ATen/native/cuda/IndexKernel.cu:94: operator(): block: [136,0,0], thread: [6,0,0] Assertion `-sizes[i] <= index && index < sizes[i] && "index out of bounds"` failed.
/pytorch/aten/src/ATen/native/cuda/IndexKernel.cu:94: operator(): block: [136,0,0], thread: [7,0,0] Assertion `-sizes[i] <= index && index < sizes[i] && "index out of bounds"` failed.
/pytorch/aten/src/ATen/native/cuda/IndexKernel.cu:94: operator(): block: [136,0,0], thread: [8,0,0] Assertion `-sizes[i] <= index && index < sizes[i] && "index out of bounds"` failed.
/pytorch/aten/src/ATen/native/cuda/IndexKernel.cu:94: operator(): block: [136,0,0], thread: [9,0,0] Assertion `-sizes[i] <= index && index < sizes[i] && "index out of bounds"` failed.
/pytorch/aten/src/ATen/native/cuda/IndexKernel.cu:94: operator(): block: [136,0,0], thread: [10,0,0] Assertion `-sizes[i] <= index && index < sizes[i] && "index out of bounds"` failed.
/pytorch/aten/src/ATen/native/cuda/IndexKernel.cu:94: operator(): block: [136,0,0], thread: [11,0,0] Assertion `-sizes[i] <= index && index < sizes[i] && "index out of bounds"` failed.
/pytorch/aten/src/ATen/native/cuda/IndexKernel.cu:94: operator(): block: [136,0,0], thread: [12,0,0] Assertion `-sizes[i] <= index && index < sizes[i] && "index out of bounds"` failed.
/pytorch/aten/src/ATen/native/cuda/IndexKernel.cu:94: operator(): block: [136,0,0], thread: [13,0,0] Assertion `-sizes[i] <= index && index < sizes[i] && "index out of bounds"` failed.
/pytorch/aten/src/ATen/native/cuda/IndexKernel.cu:94: operator(): block: [136,0,0], thread: [14,0,0] Assertion `-sizes[i] <= index && index < sizes[i] && "index out of bounds"` failed.
/pytorch/aten/src/ATen/native/cuda/IndexKernel.cu:94: operator(): block: [136,0,0], thread: [15,0,0] Assertion `-sizes[i] <= index && index < sizes[i] && "index out of bounds"` failed.
/pytorch/aten/src/ATen/native/cuda/IndexKernel.cu:94: operator(): block: [136,0,0], thread: [16,0,0] Assertion `-sizes[i] <= index && index < sizes[i] && "index out of bounds"` failed.
/pytorch/aten/src/ATen/native/cuda/IndexKernel.cu:94: operator(): block: [136,0,0], thread: [17,0,0] Assertion `-sizes[i] <= index && index < sizes[i] && "index out of bounds"` failed.
/pytorch/aten/src/ATen/native/cuda/IndexKernel.cu:94: operator(): block: [136,0,0], thread: [18,0,0] Assertion `-sizes[i] <= index && index < sizes[i] && "index out of bounds"` failed.
/pytorch/aten/src/ATen/native/cuda/IndexKernel.cu:94: operator(): block: [136,0,0], thread: [19,0,0] Assertion `-sizes[i] <= index && index < sizes[i] && "index out of bounds"` failed.
/pytorch/aten/src/ATen/native/cuda/IndexKernel.cu:94: operator(): block: [136,0,0], thread: [20,0,0] Assertion `-sizes[i] <= index && index < sizes[i] && "index out of bounds"` failed.
/pytorch/aten/src/ATen/native/cuda/IndexKernel.cu:94: operator(): block: [136,0,0], thread: [21,0,0] Assertion `-sizes[i] <= index && index < sizes[i] && "index out of bounds"` failed.
/pytorch/aten/src/ATen/native/cuda/IndexKernel.cu:94: operator(): block: [136,0,0], thread: [22,0,0] Assertion `-sizes[i] <= index && index < sizes[i] && "index out of bounds"` failed.
/pytorch/aten/src/ATen/native/cuda/IndexKernel.cu:94: operator(): block: [136,0,0], thread: [23,0,0] Assertion `-sizes[i] <= index && index < sizes[i] && "index out of bounds"` failed.
/pytorch/aten/src/ATen/native/cuda/IndexKernel.cu:94: operator(): block: [136,0,0], thread: [24,0,0] Assertion `-sizes[i] <= index && index < sizes[i] && "index out of bounds"` failed.
/pytorch/aten/src/ATen/native/cuda/IndexKernel.cu:94: operator(): block: [136,0,0], thread: [25,0,0] Assertion `-sizes[i] <= index && index < sizes[i] && "index out of bounds"` failed.
/pytorch/aten/src/ATen/native/cuda/IndexKernel.cu:94: operator(): block: [136,0,0], thread: [26,0,0] Assertion `-sizes[i] <= index && index < sizes[i] && "index out of bounds"` failed.
/pytorch/aten/src/ATen/native/cuda/IndexKernel.cu:94: operator(): block: [136,0,0], thread: [27,0,0] Assertion `-sizes[i] <= index && index < sizes[i] && "index out of bounds"` failed.
/pytorch/aten/src/ATen/native/cuda/IndexKernel.cu:94: operator(): block: [136,0,0], thread: [28,0,0] Assertion `-sizes[i] <= index && index < sizes[i] && "index out of bounds"` failed.
/pytorch/aten/src/ATen/native/cuda/IndexKernel.cu:94: operator(): block: [136,0,0], thread: [29,0,0] Assertion `-sizes[i] <= index && index < sizes[i] && "index out of bounds"` failed.
/pytorch/aten/src/ATen/native/cuda/IndexKernel.cu:94: operator(): block: [136,0,0], thread: [30,0,0] Assertion `-sizes[i] <= index && index < sizes[i] && "index out of bounds"` failed.
/pytorch/aten/src/ATen/native/cuda/IndexKernel.cu:94: operator(): block: [136,0,0], thread: [31,0,0] Assertion `-sizes[i] <= index && index < sizes[i] && "index out of bounds"` failed.
/pytorch/aten/src/ATen/native/cuda/IndexKernel.cu:94: operator(): block: [30,0,0], thread: [0,0,0] Assertion `-sizes[i] <= index && index < sizes[i] && "index out of bounds"` failed.
/pytorch/aten/src/ATen/native/cuda/IndexKernel.cu:94: operator(): block: [30,0,0], thread: [1,0,0] Assertion `-sizes[i] <= index && index < sizes[i] && "index out of bounds"` failed.
/pytorch/aten/src/ATen/native/cuda/IndexKernel.cu:94: operator(): block: [30,0,0], thread: [2,0,0] Assertion `-sizes[i] <= index && index < sizes[i] && "index out of bounds"` failed.
/pytorch/aten/src/ATen/native/cuda/IndexKernel.cu:94: operator(): block: [30,0,0], thread: [3,0,0] Assertion `-sizes[i] <= index && index < sizes[i] && "index out of bounds"` failed.
/pytorch/aten/src/ATen/native/cuda/IndexKernel.cu:94: operator(): block: [30,0,0], thread: [4,0,0] Assertion `-sizes[i] <= index && index < sizes[i] && "index out of bounds"` failed.
/pytorch/aten/src/ATen/native/cuda/IndexKernel.cu:94: operator(): block: [30,0,0], thread: [5,0,0] Assertion `-sizes[i] <= index && index < sizes[i] && "index out of bounds"` failed.
/pytorch/aten/src/ATen/native/cuda/IndexKernel.cu:94: operator(): block: [30,0,0], thread: [6,0,0] Assertion `-sizes[i] <= index && index < sizes[i] && "index out of bounds"` failed.
/pytorch/aten/src/ATen/native/cuda/IndexKernel.cu:94: operator(): block: [30,0,0], thread: [7,0,0] Assertion `-sizes[i] <= index && index < sizes[i] && "index out of bounds"` failed.
/pytorch/aten/src/ATen/native/cuda/IndexKernel.cu:94: operator(): block: [30,0,0], thread: [8,0,0] Assertion `-sizes[i] <= index && index < sizes[i] && "index out of bounds"` failed.
/pytorch/aten/src/ATen/native/cuda/IndexKernel.cu:94: operator(): block: [30,0,0], thread: [9,0,0] Assertion `-sizes[i] <= index && index < sizes[i] && "index out of bounds"` failed.
/pytorch/aten/src/ATen/native/cuda/IndexKernel.cu:94: operator(): block: [30,0,0], thread: [10,0,0] Assertion `-sizes[i] <= index && index < sizes[i] && "index out of bounds"` failed.
/pytorch/aten/src/ATen/native/cuda/IndexKernel.cu:94: operator(): block: [30,0,0], thread: [11,0,0] Assertion `-sizes[i] <= index && index < sizes[i] && "index out of bounds"` failed.
/pytorch/aten/src/ATen/native/cuda/IndexKernel.cu:94: operator(): block: [30,0,0], thread: [12,0,0] Assertion `-sizes[i] <= index && index < sizes[i] && "index out of bounds"` failed.
/pytorch/aten/src/ATen/native/cuda/IndexKernel.cu:94: operator(): block: [30,0,0], thread: [13,0,0] Assertion `-sizes[i] <= index && index < sizes[i] && "index out of bounds"` failed.
/pytorch/aten/src/ATen/native/cuda/IndexKernel.cu:94: operator(): block: [30,0,0], thread: [14,0,0] Assertion `-sizes[i] <= index && index < sizes[i] && "index out of bounds"` failed.
/pytorch/aten/src/ATen/native/cuda/IndexKernel.cu:94: operator(): block: [30,0,0], thread: [15,0,0] Assertion `-sizes[i] <= index && index < sizes[i] && "index out of bounds"` failed.
/pytorch/aten/src/ATen/native/cuda/IndexKernel.cu:94: operator(): block: [30,0,0], thread: [16,0,0] Assertion `-sizes[i] <= index && index < sizes[i] && "index out of bounds"` failed.
/pytorch/aten/src/ATen/native/cuda/IndexKernel.cu:94: operator(): block: [30,0,0], thread: [17,0,0] Assertion `-sizes[i] <= index && index < sizes[i] && "index out of bounds"` failed.
/pytorch/aten/src/ATen/native/cuda/IndexKernel.cu:94: operator(): block: [30,0,0], thread: [18,0,0] Assertion `-sizes[i] <= index && index < sizes[i] && "index out of bounds"` failed.
/pytorch/aten/src/ATen/native/cuda/IndexKernel.cu:94: operator(): block: [30,0,0], thread: [19,0,0] Assertion `-sizes[i] <= index && index < sizes[i] && "index out of bounds"` failed.
/pytorch/aten/src/ATen/native/cuda/IndexKernel.cu:94: operator(): block: [30,0,0], thread: [20,0,0] Assertion `-sizes[i] <= index && index < sizes[i] && "index out of bounds"` failed.
/pytorch/aten/src/ATen/native/cuda/IndexKernel.cu:94: operator(): block: [30,0,0], thread: [21,0,0] Assertion `-sizes[i] <= index && index < sizes[i] && "index out of bounds"` failed.
/pytorch/aten/src/ATen/native/cuda/IndexKernel.cu:94: operator(): block: [30,0,0], thread: [22,0,0] Assertion `-sizes[i] <= index && index < sizes[i] && "index out of bounds"` failed.
/pytorch/aten/src/ATen/native/cuda/IndexKernel.cu:94: operator(): block: [30,0,0], thread: [23,0,0] Assertion `-sizes[i] <= index && index < sizes[i] && "index out of bounds"` failed.
/pytorch/aten/src/ATen/native/cuda/IndexKernel.cu:94: operator(): block: [30,0,0], thread: [24,0,0] Assertion `-sizes[i] <= index && index < sizes[i] && "index out of bounds"` failed.
/pytorch/aten/src/ATen/native/cuda/IndexKernel.cu:94: operator(): block: [30,0,0], thread: [25,0,0] Assertion `-sizes[i] <= index && index < sizes[i] && "index out of bounds"` failed.
/pytorch/aten/src/ATen/native/cuda/IndexKernel.cu:94: operator(): block: [30,0,0], thread: [26,0,0] Assertion `-sizes[i] <= index && index < sizes[i] && "index out of bounds"` failed.
/pytorch/aten/src/ATen/native/cuda/IndexKernel.cu:94: operator(): block: [30,0,0], thread: [27,0,0] Assertion `-sizes[i] <= index && index < sizes[i] && "index out of bounds"` failed.
/pytorch/aten/src/ATen/native/cuda/IndexKernel.cu:94: operator(): block: [30,0,0], thread: [28,0,0] Assertion `-sizes[i] <= index && index < sizes[i] && "index out of bounds"` failed.
/pytorch/aten/src/ATen/native/cuda/IndexKernel.cu:94: operator(): block: [30,0,0], thread: [29,0,0] Assertion `-sizes[i] <= index && index < sizes[i] && "index out of bounds"` failed.
/pytorch/aten/src/ATen/native/cuda/IndexKernel.cu:94: operator(): block: [30,0,0], thread: [30,0,0] Assertion `-sizes[i] <= index && index < sizes[i] && "index out of bounds"` failed.
/pytorch/aten/src/ATen/native/cuda/IndexKernel.cu:94: operator(): block: [30,0,0], thread: [31,0,0] Assertion `-sizes[i] <= index && index < sizes[i] && "index out of bounds"` failed.
/pytorch/aten/src/ATen/native/cuda/IndexKernel.cu:94: operator(): block: [87,0,0], thread: [32,0,0] Assertion `-sizes[i] <= index && index < sizes[i] && "index out of bounds"` failed.
/pytorch/aten/src/ATen/native/cuda/IndexKernel.cu:94: operator(): block: [87,0,0], thread: [33,0,0] Assertion `-sizes[i] <= index && index < sizes[i] && "index out of bounds"` failed.
/pytorch/aten/src/ATen/native/cuda/IndexKernel.cu:94: operator(): block: [87,0,0], thread: [34,0,0] Assertion `-sizes[i] <= index && index < sizes[i] && "index out of bounds"` failed.
/pytorch/aten/src/ATen/native/cuda/IndexKernel.cu:94: operator(): block: [87,0,0], thread: [35,0,0] Assertion `-sizes[i] <= index && index < sizes[i] && "index out of bounds"` failed.
/pytorch/aten/src/ATen/native/cuda/IndexKernel.cu:94: operator(): block: [87,0,0], thread: [36,0,0] Assertion `-sizes[i] <= index && index < sizes[i] && "index out of bounds"` failed.
/pytorch/aten/src/ATen/native/cuda/IndexKernel.cu:94: operator(): block: [87,0,0], thread: [37,0,0] Assertion `-sizes[i] <= index && index < sizes[i] && "index out of bounds"` failed.
/pytorch/aten/src/ATen/native/cuda/IndexKernel.cu:94: operator(): block: [87,0,0], thread: [38,0,0] Assertion `-sizes[i] <= index && index < sizes[i] && "index out of bounds"` failed.
/pytorch/aten/src/ATen/native/cuda/IndexKernel.cu:94: operator(): block: [87,0,0], thread: [39,0,0] Assertion `-sizes[i] <= index && index < sizes[i] && "index out of bounds"` failed.
/pytorch/aten/src/ATen/native/cuda/IndexKernel.cu:94: operator(): block: [87,0,0], thread: [40,0,0] Assertion `-sizes[i] <= index && index < sizes[i] && "index out of bounds"` failed.
/pytorch/aten/src/ATen/native/cuda/IndexKernel.cu:94: operator(): block: [87,0,0], thread: [41,0,0] Assertion `-sizes[i] <= index && index < sizes[i] && "index out of bounds"` failed.
/pytorch/aten/src/ATen/native/cuda/IndexKernel.cu:94: operator(): block: [87,0,0], thread: [42,0,0] Assertion `-sizes[i] <= index && index < sizes[i] && "index out of bounds"` failed.
/pytorch/aten/src/ATen/native/cuda/IndexKernel.cu:94: operator(): block: [87,0,0], thread: [43,0,0] Assertion `-sizes[i] <= index && index < sizes[i] && "index out of bounds"` failed.
/pytorch/aten/src/ATen/native/cuda/IndexKernel.cu:94: operator(): block: [87,0,0], thread: [44,0,0] Assertion `-sizes[i] <= index && index < sizes[i] && "index out of bounds"` failed.
/pytorch/aten/src/ATen/native/cuda/IndexKernel.cu:94: operator(): block: [87,0,0], thread: [45,0,0] Assertion `-sizes[i] <= index && index < sizes[i] && "index out of bounds"` failed.
/pytorch/aten/src/ATen/native/cuda/IndexKernel.cu:94: operator(): block: [87,0,0], thread: [46,0,0] Assertion `-sizes[i] <= index && index < sizes[i] && "index out of bounds"` failed.
/pytorch/aten/src/ATen/native/cuda/IndexKernel.cu:94: operator(): block: [87,0,0], thread: [47,0,0] Assertion `-sizes[i] <= index && index < sizes[i] && "index out of bounds"` failed.
/pytorch/aten/src/ATen/native/cuda/IndexKernel.cu:94: operator(): block: [87,0,0], thread: [48,0,0] Assertion `-sizes[i] <= index && index < sizes[i] && "index out of bounds"` failed.
/pytorch/aten/src/ATen/native/cuda/IndexKernel.cu:94: operator(): block: [87,0,0], thread: [49,0,0] Assertion `-sizes[i] <= index && index < sizes[i] && "index out of bounds"` failed.
/pytorch/aten/src/ATen/native/cuda/IndexKernel.cu:94: operator(): block: [87,0,0], thread: [50,0,0] Assertion `-sizes[i] <= index && index < sizes[i] && "index out of bounds"` failed.
/pytorch/aten/src/ATen/native/cuda/IndexKernel.cu:94: operator(): block: [87,0,0], thread: [51,0,0] Assertion `-sizes[i] <= index && index < sizes[i] && "index out of bounds"` failed.
/pytorch/aten/src/ATen/native/cuda/IndexKernel.cu:94: operator(): block: [87,0,0], thread: [52,0,0] Assertion `-sizes[i] <= index && index < sizes[i] && "index out of bounds"` failed.
/pytorch/aten/src/ATen/native/cuda/IndexKernel.cu:94: operator(): block: [87,0,0], thread: [53,0,0] Assertion `-sizes[i] <= index && index < sizes[i] && "index out of bounds"` failed.
/pytorch/aten/src/ATen/native/cuda/IndexKernel.cu:94: operator(): block: [87,0,0], thread: [54,0,0] Assertion `-sizes[i] <= index && index < sizes[i] && "index out of bounds"` failed.
/pytorch/aten/src/ATen/native/cuda/IndexKernel.cu:94: operator(): block: [87,0,0], thread: [55,0,0] Assertion `-sizes[i] <= index && index < sizes[i] && "index out of bounds"` failed.
/pytorch/aten/src/ATen/native/cuda/IndexKernel.cu:94: operator(): block: [87,0,0], thread: [56,0,0] Assertion `-sizes[i] <= index && index < sizes[i] && "index out of bounds"` failed.
/pytorch/aten/src/ATen/native/cuda/IndexKernel.cu:94: operator(): block: [87,0,0], thread: [57,0,0] Assertion `-sizes[i] <= index && index < sizes[i] && "index out of bounds"` failed.
/pytorch/aten/src/ATen/native/cuda/IndexKernel.cu:94: operator(): block: [87,0,0], thread: [58,0,0] Assertion `-sizes[i] <= index && index < sizes[i] && "index out of bounds"` failed.
/pytorch/aten/src/ATen/native/cuda/IndexKernel.cu:94: operator(): block: [87,0,0], thread: [59,0,0] Assertion `-sizes[i] <= index && index < sizes[i] && "index out of bounds"` failed.
/pytorch/aten/src/ATen/native/cuda/IndexKernel.cu:94: operator(): block: [87,0,0], thread: [60,0,0] Assertion `-sizes[i] <= index && index < sizes[i] && "index out of bounds"` failed.
/pytorch/aten/src/ATen/native/cuda/IndexKernel.cu:94: operator(): block: [87,0,0], thread: [61,0,0] Assertion `-sizes[i] <= index && index < sizes[i] && "index out of bounds"` failed.
/pytorch/aten/src/ATen/native/cuda/IndexKernel.cu:94: operator(): block: [87,0,0], thread: [62,0,0] Assertion `-sizes[i] <= index && index < sizes[i] && "index out of bounds"` failed.
/pytorch/aten/src/ATen/native/cuda/IndexKernel.cu:94: operator(): block: [87,0,0], thread: [63,0,0] Assertion `-sizes[i] <= index && index < sizes[i] && "index out of bounds"` failed.
/pytorch/aten/src/ATen/native/cuda/IndexKernel.cu:94: operator(): block: [123,0,0], thread: [32,0,0] Assertion `-sizes[i] <= index && index < sizes[i] && "index out of bounds"` failed.
/pytorch/aten/src/ATen/native/cuda/IndexKernel.cu:94: operator(): block: [123,0,0], thread: [33,0,0] Assertion `-sizes[i] <= index && index < sizes[i] && "index out of bounds"` failed.
/pytorch/aten/src/ATen/native/cuda/IndexKernel.cu:94: operator(): block: [123,0,0], thread: [34,0,0] Assertion `-sizes[i] <= index && index < sizes[i] && "index out of bounds"` failed.
/pytorch/aten/src/ATen/native/cuda/IndexKernel.cu:94: operator(): block: [123,0,0], thread: [35,0,0] Assertion `-sizes[i] <= index && index < sizes[i] && "index out of bounds"` failed.
/pytorch/aten/src/ATen/native/cuda/IndexKernel.cu:94: operator(): block: [123,0,0], thread: [36,0,0] Assertion `-sizes[i] <= index && index < sizes[i] && "index out of bounds"` failed.
/pytorch/aten/src/ATen/native/cuda/IndexKernel.cu:94: operator(): block: [123,0,0], thread: [37,0,0] Assertion `-sizes[i] <= index && index < sizes[i] && "index out of bounds"` failed.
/pytorch/aten/src/ATen/native/cuda/IndexKernel.cu:94: operator(): block: [123,0,0], thread: [38,0,0] Assertion `-sizes[i] <= index && index < sizes[i] && "index out of bounds"` failed.
/pytorch/aten/src/ATen/native/cuda/IndexKernel.cu:94: operator(): block: [123,0,0], thread: [39,0,0] Assertion `-sizes[i] <= index && index < sizes[i] && "index out of bounds"` failed.
/pytorch/aten/src/ATen/native/cuda/IndexKernel.cu:94: operator(): block: [123,0,0], thread: [40,0,0] Assertion `-sizes[i] <= index && index < sizes[i] && "index out of bounds"` failed.
/pytorch/aten/src/ATen/native/cuda/IndexKernel.cu:94: operator(): block: [123,0,0], thread: [41,0,0] Assertion `-sizes[i] <= index && index < sizes[i] && "index out of bounds"` failed.
/pytorch/aten/src/ATen/native/cuda/IndexKernel.cu:94: operator(): block: [123,0,0], thread: [42,0,0] Assertion `-sizes[i] <= index && index < sizes[i] && "index out of bounds"` failed.
/pytorch/aten/src/ATen/native/cuda/IndexKernel.cu:94: operator(): block: [123,0,0], thread: [43,0,0] Assertion `-sizes[i] <= index && index < sizes[i] && "index out of bounds"` failed.
/pytorch/aten/src/ATen/native/cuda/IndexKernel.cu:94: operator(): block: [123,0,0], thread: [44,0,0] Assertion `-sizes[i] <= index && index < sizes[i] && "index out of bounds"` failed.
/pytorch/aten/src/ATen/native/cuda/IndexKernel.cu:94: operator(): block: [123,0,0], thread: [45,0,0] Assertion `-sizes[i] <= index && index < sizes[i] && "index out of bounds"` failed.
/pytorch/aten/src/ATen/native/cuda/IndexKernel.cu:94: operator(): block: [123,0,0], thread: [46,0,0] Assertion `-sizes[i] <= index && index < sizes[i] && "index out of bounds"` failed.
/pytorch/aten/src/ATen/native/cuda/IndexKernel.cu:94: operator(): block: [123,0,0], thread: [47,0,0] Assertion `-sizes[i] <= index && index < sizes[i] && "index out of bounds"` failed.
/pytorch/aten/src/ATen/native/cuda/IndexKernel.cu:94: operator(): block: [123,0,0], thread: [48,0,0] Assertion `-sizes[i] <= index && index < sizes[i] && "index out of bounds"` failed.
/pytorch/aten/src/ATen/native/cuda/IndexKernel.cu:94: operator(): block: [123,0,0], thread: [49,0,0] Assertion `-sizes[i] <= index && index < sizes[i] && "index out of bounds"` failed.
/pytorch/aten/src/ATen/native/cuda/IndexKernel.cu:94: operator(): block: [123,0,0], thread: [50,0,0] Assertion `-sizes[i] <= index && index < sizes[i] && "index out of bounds"` failed.
/pytorch/aten/src/ATen/native/cuda/IndexKernel.cu:94: operator(): block: [123,0,0], thread: [51,0,0] Assertion `-sizes[i] <= index && index < sizes[i] && "index out of bounds"` failed.
/pytorch/aten/src/ATen/native/cuda/IndexKernel.cu:94: operator(): block: [123,0,0], thread: [52,0,0] Assertion `-sizes[i] <= index && index < sizes[i] && "index out of bounds"` failed.
/pytorch/aten/src/ATen/native/cuda/IndexKernel.cu:94: operator(): block: [123,0,0], thread: [53,0,0] Assertion `-sizes[i] <= index && index < sizes[i] && "index out of bounds"` failed.
/pytorch/aten/src/ATen/native/cuda/IndexKernel.cu:94: operator(): block: [123,0,0], thread: [54,0,0] Assertion `-sizes[i] <= index && index < sizes[i] && "index out of bounds"` failed.
/pytorch/aten/src/ATen/native/cuda/IndexKernel.cu:94: operator(): block: [123,0,0], thread: [55,0,0] Assertion `-sizes[i] <= index && index < sizes[i] && "index out of bounds"` failed.
/pytorch/aten/src/ATen/native/cuda/IndexKernel.cu:94: operator(): block: [123,0,0], thread: [56,0,0] Assertion `-sizes[i] <= index && index < sizes[i] && "index out of bounds"` failed.
/pytorch/aten/src/ATen/native/cuda/IndexKernel.cu:94: operator(): block: [123,0,0], thread: [57,0,0] Assertion `-sizes[i] <= index && index < sizes[i] && "index out of bounds"` failed.
/pytorch/aten/src/ATen/native/cuda/IndexKernel.cu:94: operator(): block: [123,0,0], thread: [58,0,0] Assertion `-sizes[i] <= index && index < sizes[i] && "index out of bounds"` failed.
/pytorch/aten/src/ATen/native/cuda/IndexKernel.cu:94: operator(): block: [123,0,0], thread: [59,0,0] Assertion `-sizes[i] <= index && index < sizes[i] && "index out of bounds"` failed.
/pytorch/aten/src/ATen/native/cuda/IndexKernel.cu:94: operator(): block: [123,0,0], thread: [60,0,0] Assertion `-sizes[i] <= index && index < sizes[i] && "index out of bounds"` failed.
/pytorch/aten/src/ATen/native/cuda/IndexKernel.cu:94: operator(): block: [123,0,0], thread: [61,0,0] Assertion `-sizes[i] <= index && index < sizes[i] && "index out of bounds"` failed.
/pytorch/aten/src/ATen/native/cuda/IndexKernel.cu:94: operator(): block: [123,0,0], thread: [62,0,0] Assertion `-sizes[i] <= index && index < sizes[i] && "index out of bounds"` failed.
/pytorch/aten/src/ATen/native/cuda/IndexKernel.cu:94: operator(): block: [123,0,0], thread: [63,0,0] Assertion `-sizes[i] <= index && index < sizes[i] && "index out of bounds"` failed.
/pytorch/aten/src/ATen/native/cuda/IndexKernel.cu:94: operator(): block: [64,0,0], thread: [64,0,0] Assertion `-sizes[i] <= index && index < sizes[i] && "index out of bounds"` failed.
/pytorch/aten/src/ATen/native/cuda/IndexKernel.cu:94: operator(): block: [64,0,0], thread: [65,0,0] Assertion `-sizes[i] <= index && index < sizes[i] && "index out of bounds"` failed.
/pytorch/aten/src/ATen/native/cuda/IndexKernel.cu:94: operator(): block: [64,0,0], thread: [66,0,0] Assertion `-sizes[i] <= index && index < sizes[i] && "index out of bounds"` failed.
/pytorch/aten/src/ATen/native/cuda/IndexKernel.cu:94: operator(): block: [64,0,0], thread: [67,0,0] Assertion `-sizes[i] <= index && index < sizes[i] && "index out of bounds"` failed.
/pytorch/aten/src/ATen/native/cuda/IndexKernel.cu:94: operator(): block: [64,0,0], thread: [68,0,0] Assertion `-sizes[i] <= index && index < sizes[i] && "index out of bounds"` failed.
/pytorch/aten/src/ATen/native/cuda/IndexKernel.cu:94: operator(): block: [64,0,0], thread: [69,0,0] Assertion `-sizes[i] <= index && index < sizes[i] && "index out of bounds"` failed.
/pytorch/aten/src/ATen/native/cuda/IndexKernel.cu:94: operator(): block: [64,0,0], thread: [70,0,0] Assertion `-sizes[i] <= index && index < sizes[i] && "index out of bounds"` failed.
/pytorch/aten/src/ATen/native/cuda/IndexKernel.cu:94: operator(): block: [64,0,0], thread: [71,0,0] Assertion `-sizes[i] <= index && index < sizes[i] && "index out of bounds"` failed.
/pytorch/aten/src/ATen/native/cuda/IndexKernel.cu:94: operator(): block: [64,0,0], thread: [72,0,0] Assertion `-sizes[i] <= index && index < sizes[i] && "index out of bounds"` failed.
/pytorch/aten/src/ATen/native/cuda/IndexKernel.cu:94: operator(): block: [64,0,0], thread: [73,0,0] Assertion `-sizes[i] <= index && index < sizes[i] && "index out of bounds"` failed.
/pytorch/aten/src/ATen/native/cuda/IndexKernel.cu:94: operator(): block: [64,0,0], thread: [74,0,0] Assertion `-sizes[i] <= index && index < sizes[i] && "index out of bounds"` failed.
/pytorch/aten/src/ATen/native/cuda/IndexKernel.cu:94: operator(): block: [64,0,0], thread: [75,0,0] Assertion `-sizes[i] <= index && index < sizes[i] && "index out of bounds"` failed.
/pytorch/aten/src/ATen/native/cuda/IndexKernel.cu:94: operator(): block: [64,0,0], thread: [76,0,0] Assertion `-sizes[i] <= index && index < sizes[i] && "index out of bounds"` failed.
/pytorch/aten/src/ATen/native/cuda/IndexKernel.cu:94: operator(): block: [64,0,0], thread: [77,0,0] Assertion `-sizes[i] <= index && index < sizes[i] && "index out of bounds"` failed.
/pytorch/aten/src/ATen/native/cuda/IndexKernel.cu:94: operator(): block: [64,0,0], thread: [78,0,0] Assertion `-sizes[i] <= index && index < sizes[i] && "index out of bounds"` failed.
/pytorch/aten/src/ATen/native/cuda/IndexKernel.cu:94: operator(): block: [64,0,0], thread: [79,0,0] Assertion `-sizes[i] <= index && index < sizes[i] && "index out of bounds"` failed.
/pytorch/aten/src/ATen/native/cuda/IndexKernel.cu:94: operator(): block: [64,0,0], thread: [80,0,0] Assertion `-sizes[i] <= index && index < sizes[i] && "index out of bounds"` failed.
/pytorch/aten/src/ATen/native/cuda/IndexKernel.cu:94: operator(): block: [64,0,0], thread: [81,0,0] Assertion `-sizes[i] <= index && index < sizes[i] && "index out of bounds"` failed.
/pytorch/aten/src/ATen/native/cuda/IndexKernel.cu:94: operator(): block: [64,0,0], thread: [82,0,0] Assertion `-sizes[i] <= index && index < sizes[i] && "index out of bounds"` failed.
/pytorch/aten/src/ATen/native/cuda/IndexKernel.cu:94: operator(): block: [64,0,0], thread: [83,0,0] Assertion `-sizes[i] <= index && index < sizes[i] && "index out of bounds"` failed.
/pytorch/aten/src/ATen/native/cuda/IndexKernel.cu:94: operator(): block: [64,0,0], thread: [84,0,0] Assertion `-sizes[i] <= index && index < sizes[i] && "index out of bounds"` failed.
/pytorch/aten/src/ATen/native/cuda/IndexKernel.cu:94: operator(): block: [64,0,0], thread: [85,0,0] Assertion `-sizes[i] <= index && index < sizes[i] && "index out of bounds"` failed.
/pytorch/aten/src/ATen/native/cuda/IndexKernel.cu:94: operator(): block: [64,0,0], thread: [86,0,0] Assertion `-sizes[i] <= index && index < sizes[i] && "index out of bounds"` failed.
/pytorch/aten/src/ATen/native/cuda/IndexKernel.cu:94: operator(): block: [64,0,0], thread: [87,0,0] Assertion `-sizes[i] <= index && index < sizes[i] && "index out of bounds"` failed.
/pytorch/aten/src/ATen/native/cuda/IndexKernel.cu:94: operator(): block: [64,0,0], thread: [88,0,0] Assertion `-sizes[i] <= index && index < sizes[i] && "index out of bounds"` failed.
/pytorch/aten/src/ATen/native/cuda/IndexKernel.cu:94: operator(): block: [64,0,0], thread: [89,0,0] Assertion `-sizes[i] <= index && index < sizes[i] && "index out of bounds"` failed.
/pytorch/aten/src/ATen/native/cuda/IndexKernel.cu:94: operator(): block: [64,0,0], thread: [90,0,0] Assertion `-sizes[i] <= index && index < sizes[i] && "index out of bounds"` failed.
/pytorch/aten/src/ATen/native/cuda/IndexKernel.cu:94: operator(): block: [64,0,0], thread: [91,0,0] Assertion `-sizes[i] <= index && index < sizes[i] && "index out of bounds"` failed.
/pytorch/aten/src/ATen/native/cuda/IndexKernel.cu:94: operator(): block: [64,0,0], thread: [92,0,0] Assertion `-sizes[i] <= index && index < sizes[i] && "index out of bounds"` failed.
/pytorch/aten/src/ATen/native/cuda/IndexKernel.cu:94: operator(): block: [64,0,0], thread: [93,0,0] Assertion `-sizes[i] <= index && index < sizes[i] && "index out of bounds"` failed.
/pytorch/aten/src/ATen/native/cuda/IndexKernel.cu:94: operator(): block: [64,0,0], thread: [94,0,0] Assertion `-sizes[i] <= index && index < sizes[i] && "index out of bounds"` failed.
/pytorch/aten/src/ATen/native/cuda/IndexKernel.cu:94: operator(): block: [64,0,0], thread: [95,0,0] Assertion `-sizes[i] <= index && index < sizes[i] && "index out of bounds"` failed.
/pytorch/aten/src/ATen/native/cuda/IndexKernel.cu:94: operator(): block: [36,0,0], thread: [32,0,0] Assertion `-sizes[i] <= index && index < sizes[i] && "index out of bounds"` failed.
/pytorch/aten/src/ATen/native/cuda/IndexKernel.cu:94: operator(): block: [36,0,0], thread: [33,0,0] Assertion `-sizes[i] <= index && index < sizes[i] && "index out of bounds"` failed.
/pytorch/aten/src/ATen/native/cuda/IndexKernel.cu:94: operator(): block: [36,0,0], thread: [34,0,0] Assertion `-sizes[i] <= index && index < sizes[i] && "index out of bounds"` failed.
/pytorch/aten/src/ATen/native/cuda/IndexKernel.cu:94: operator(): block: [36,0,0], thread: [35,0,0] Assertion `-sizes[i] <= index && index < sizes[i] && "index out of bounds"` failed.
/pytorch/aten/src/ATen/native/cuda/IndexKernel.cu:94: operator(): block: [36,0,0], thread: [36,0,0] Assertion `-sizes[i] <= index && index < sizes[i] && "index out of bounds"` failed.
/pytorch/aten/src/ATen/native/cuda/IndexKernel.cu:94: operator(): block: [36,0,0], thread: [37,0,0] Assertion `-sizes[i] <= index && index < sizes[i] && "index out of bounds"` failed.
/pytorch/aten/src/ATen/native/cuda/IndexKernel.cu:94: operator(): block: [36,0,0], thread: [38,0,0] Assertion `-sizes[i] <= index && index < sizes[i] && "index out of bounds"` failed.
/pytorch/aten/src/ATen/native/cuda/IndexKernel.cu:94: operator(): block: [36,0,0], thread: [39,0,0] Assertion `-sizes[i] <= index && index < sizes[i] && "index out of bounds"` failed.
/pytorch/aten/src/ATen/native/cuda/IndexKernel.cu:94: operator(): block: [36,0,0], thread: [40,0,0] Assertion `-sizes[i] <= index && index < sizes[i] && "index out of bounds"` failed.
/pytorch/aten/src/ATen/native/cuda/IndexKernel.cu:94: operator(): block: [36,0,0], thread: [41,0,0] Assertion `-sizes[i] <= index && index < sizes[i] && "index out of bounds"` failed.
/pytorch/aten/src/ATen/native/cuda/IndexKernel.cu:94: operator(): block: [36,0,0], thread: [42,0,0] Assertion `-sizes[i] <= index && index < sizes[i] && "index out of bounds"` failed.
/pytorch/aten/src/ATen/native/cuda/IndexKernel.cu:94: operator(): block: [36,0,0], thread: [43,0,0] Assertion `-sizes[i] <= index && index < sizes[i] && "index out of bounds"` failed.
/pytorch/aten/src/ATen/native/cuda/IndexKernel.cu:94: operator(): block: [36,0,0], thread: [44,0,0] Assertion `-sizes[i] <= index && index < sizes[i] && "index out of bounds"` failed.
/pytorch/aten/src/ATen/native/cuda/IndexKernel.cu:94: operator(): block: [36,0,0], thread: [45,0,0] Assertion `-sizes[i] <= index && index < sizes[i] && "index out of bounds"` failed.
/pytorch/aten/src/ATen/native/cuda/IndexKernel.cu:94: operator(): block: [36,0,0], thread: [46,0,0] Assertion `-sizes[i] <= index && index < sizes[i] && "index out of bounds"` failed.
/pytorch/aten/src/ATen/native/cuda/IndexKernel.cu:94: operator(): block: [36,0,0], thread: [47,0,0] Assertion `-sizes[i] <= index && index < sizes[i] && "index out of bounds"` failed.
/pytorch/aten/src/ATen/native/cuda/IndexKernel.cu:94: operator(): block: [36,0,0], thread: [48,0,0] Assertion `-sizes[i] <= index && index < sizes[i] && "index out of bounds"` failed.
/pytorch/aten/src/ATen/native/cuda/IndexKernel.cu:94: operator(): block: [36,0,0], thread: [49,0,0] Assertion `-sizes[i] <= index && index < sizes[i] && "index out of bounds"` failed.
/pytorch/aten/src/ATen/native/cuda/IndexKernel.cu:94: operator(): block: [36,0,0], thread: [50,0,0] Assertion `-sizes[i] <= index && index < sizes[i] && "index out of bounds"` failed.
/pytorch/aten/src/ATen/native/cuda/IndexKernel.cu:94: operator(): block: [36,0,0], thread: [51,0,0] Assertion `-sizes[i] <= index && index < sizes[i] && "index out of bounds"` failed.
/pytorch/aten/src/ATen/native/cuda/IndexKernel.cu:94: operator(): block: [36,0,0], thread: [52,0,0] Assertion `-sizes[i] <= index && index < sizes[i] && "index out of bounds"` failed.
/pytorch/aten/src/ATen/native/cuda/IndexKernel.cu:94: operator(): block: [36,0,0], thread: [53,0,0] Assertion `-sizes[i] <= index && index < sizes[i] && "index out of bounds"` failed.
/pytorch/aten/src/ATen/native/cuda/IndexKernel.cu:94: operator(): block: [36,0,0], thread: [54,0,0] Assertion `-sizes[i] <= index && index < sizes[i] && "index out of bounds"` failed.
/pytorch/aten/src/ATen/native/cuda/IndexKernel.cu:94: operator(): block: [36,0,0], thread: [55,0,0] Assertion `-sizes[i] <= index && index < sizes[i] && "index out of bounds"` failed.
/pytorch/aten/src/ATen/native/cuda/IndexKernel.cu:94: operator(): block: [36,0,0], thread: [56,0,0] Assertion `-sizes[i] <= index && index < sizes[i] && "index out of bounds"` failed.
/pytorch/aten/src/ATen/native/cuda/IndexKernel.cu:94: operator(): block: [36,0,0], thread: [57,0,0] Assertion `-sizes[i] <= index && index < sizes[i] && "index out of bounds"` failed.
/pytorch/aten/src/ATen/native/cuda/IndexKernel.cu:94: operator(): block: [36,0,0], thread: [58,0,0] Assertion `-sizes[i] <= index && index < sizes[i] && "index out of bounds"` failed.
/pytorch/aten/src/ATen/native/cuda/IndexKernel.cu:94: operator(): block: [36,0,0], thread: [59,0,0] Assertion `-sizes[i] <= index && index < sizes[i] && "index out of bounds"` failed.
/pytorch/aten/src/ATen/native/cuda/IndexKernel.cu:94: operator(): block: [36,0,0], thread: [60,0,0] Assertion `-sizes[i] <= index && index < sizes[i] && "index out of bounds"` failed.
/pytorch/aten/src/ATen/native/cuda/IndexKernel.cu:94: operator(): block: [36,0,0], thread: [61,0,0] Assertion `-sizes[i] <= index && index < sizes[i] && "index out of bounds"` failed.
/pytorch/aten/src/ATen/native/cuda/IndexKernel.cu:94: operator(): block: [36,0,0], thread: [62,0,0] Assertion `-sizes[i] <= index && index < sizes[i] && "index out of bounds"` failed.
/pytorch/aten/src/ATen/native/cuda/IndexKernel.cu:94: operator(): block: [36,0,0], thread: [63,0,0] Assertion `-sizes[i] <= index && index < sizes[i] && "index out of bounds"` failed.
/pytorch/aten/src/ATen/native/cuda/IndexKernel.cu:94: operator(): block: [101,0,0], thread: [32,0,0] Assertion `-sizes[i] <= index && index < sizes[i] && "index out of bounds"` failed.
/pytorch/aten/src/ATen/native/cuda/IndexKernel.cu:94: operator(): block: [101,0,0], thread: [33,0,0] Assertion `-sizes[i] <= index && index < sizes[i] && "index out of bounds"` failed.
/pytorch/aten/src/ATen/native/cuda/IndexKernel.cu:94: operator(): block: [101,0,0], thread: [34,0,0] Assertion `-sizes[i] <= index && index < sizes[i] && "index out of bounds"` failed.
/pytorch/aten/src/ATen/native/cuda/IndexKernel.cu:94: operator(): block: [101,0,0], thread: [35,0,0] Assertion `-sizes[i] <= index && index < sizes[i] && "index out of bounds"` failed.
/pytorch/aten/src/ATen/native/cuda/IndexKernel.cu:94: operator(): block: [101,0,0], thread: [36,0,0] Assertion `-sizes[i] <= index && index < sizes[i] && "index out of bounds"` failed.
/pytorch/aten/src/ATen/native/cuda/IndexKernel.cu:94: operator(): block: [101,0,0], thread: [37,0,0] Assertion `-sizes[i] <= index && index < sizes[i] && "index out of bounds"` failed.
/pytorch/aten/src/ATen/native/cuda/IndexKernel.cu:94: operator(): block: [101,0,0], thread: [38,0,0] Assertion `-sizes[i] <= index && index < sizes[i] && "index out of bounds"` failed.
/pytorch/aten/src/ATen/native/cuda/IndexKernel.cu:94: operator(): block: [101,0,0], thread: [39,0,0] Assertion `-sizes[i] <= index && index < sizes[i] && "index out of bounds"` failed.
/pytorch/aten/src/ATen/native/cuda/IndexKernel.cu:94: operator(): block: [101,0,0], thread: [40,0,0] Assertion `-sizes[i] <= index && index < sizes[i] && "index out of bounds"` failed.
/pytorch/aten/src/ATen/native/cuda/IndexKernel.cu:94: operator(): block: [101,0,0], thread: [41,0,0] Assertion `-sizes[i] <= index && index < sizes[i] && "index out of bounds"` failed.
/pytorch/aten/src/ATen/native/cuda/IndexKernel.cu:94: operator(): block: [101,0,0], thread: [42,0,0] Assertion `-sizes[i] <= index && index < sizes[i] && "index out of bounds"` failed.
/pytorch/aten/src/ATen/native/cuda/IndexKernel.cu:94: operator(): block: [101,0,0], thread: [43,0,0] Assertion `-sizes[i] <= index && index < sizes[i] && "index out of bounds"` failed.
/pytorch/aten/src/ATen/native/cuda/IndexKernel.cu:94: operator(): block: [101,0,0], thread: [44,0,0] Assertion `-sizes[i] <= index && index < sizes[i] && "index out of bounds"` failed.
/pytorch/aten/src/ATen/native/cuda/IndexKernel.cu:94: operator(): block: [101,0,0], thread: [45,0,0] Assertion `-sizes[i] <= index && index < sizes[i] && "index out of bounds"` failed.
/pytorch/aten/src/ATen/native/cuda/IndexKernel.cu:94: operator(): block: [101,0,0], thread: [46,0,0] Assertion `-sizes[i] <= index && index < sizes[i] && "index out of bounds"` failed.
/pytorch/aten/src/ATen/native/cuda/IndexKernel.cu:94: operator(): block: [101,0,0], thread: [47,0,0] Assertion `-sizes[i] <= index && index < sizes[i] && "index out of bounds"` failed.
/pytorch/aten/src/ATen/native/cuda/IndexKernel.cu:94: operator(): block: [101,0,0], thread: [48,0,0] Assertion `-sizes[i] <= index && index < sizes[i] && "index out of bounds"` failed.
/pytorch/aten/src/ATen/native/cuda/IndexKernel.cu:94: operator(): block: [101,0,0], thread: [49,0,0] Assertion `-sizes[i] <= index && index < sizes[i] && "index out of bounds"` failed.
/pytorch/aten/src/ATen/native/cuda/IndexKernel.cu:94: operator(): block: [101,0,0], thread: [50,0,0] Assertion `-sizes[i] <= index && index < sizes[i] && "index out of bounds"` failed.
/pytorch/aten/src/ATen/native/cuda/IndexKernel.cu:94: operator(): block: [101,0,0], thread: [51,0,0] Assertion `-sizes[i] <= index && index < sizes[i] && "index out of bounds"` failed.
/pytorch/aten/src/ATen/native/cuda/IndexKernel.cu:94: operator(): block: [101,0,0], thread: [52,0,0] Assertion `-sizes[i] <= index && index < sizes[i] && "index out of bounds"` failed.
/pytorch/aten/src/ATen/native/cuda/IndexKernel.cu:94: operator(): block: [101,0,0], thread: [53,0,0] Assertion `-sizes[i] <= index && index < sizes[i] && "index out of bounds"` failed.
/pytorch/aten/src/ATen/native/cuda/IndexKernel.cu:94: operator(): block: [101,0,0], thread: [54,0,0] Assertion `-sizes[i] <= index && index < sizes[i] && "index out of bounds"` failed.
/pytorch/aten/src/ATen/native/cuda/IndexKernel.cu:94: operator(): block: [101,0,0], thread: [55,0,0] Assertion `-sizes[i] <= index && index < sizes[i] && "index out of bounds"` failed.
/pytorch/aten/src/ATen/native/cuda/IndexKernel.cu:94: operator(): block: [101,0,0], thread: [56,0,0] Assertion `-sizes[i] <= index && index < sizes[i] && "index out of bounds"` failed.
/pytorch/aten/src/ATen/native/cuda/IndexKernel.cu:94: operator(): block: [101,0,0], thread: [57,0,0] Assertion `-sizes[i] <= index && index < sizes[i] && "index out of bounds"` failed.
/pytorch/aten/src/ATen/native/cuda/IndexKernel.cu:94: operator(): block: [101,0,0], thread: [58,0,0] Assertion `-sizes[i] <= index && index < sizes[i] && "index out of bounds"` failed.
/pytorch/aten/src/ATen/native/cuda/IndexKernel.cu:94: operator(): block: [101,0,0], thread: [59,0,0] Assertion `-sizes[i] <= index && index < sizes[i] && "index out of bounds"` failed.
/pytorch/aten/src/ATen/native/cuda/IndexKernel.cu:94: operator(): block: [101,0,0], thread: [60,0,0] Assertion `-sizes[i] <= index && index < sizes[i] && "index out of bounds"` failed.
/pytorch/aten/src/ATen/native/cuda/IndexKernel.cu:94: operator(): block: [101,0,0], thread: [61,0,0] Assertion `-sizes[i] <= index && index < sizes[i] && "index out of bounds"` failed.
/pytorch/aten/src/ATen/native/cuda/IndexKernel.cu:94: operator(): block: [101,0,0], thread: [62,0,0] Assertion `-sizes[i] <= index && index < sizes[i] && "index out of bounds"` failed.
/pytorch/aten/src/ATen/native/cuda/IndexKernel.cu:94: operator(): block: [101,0,0], thread: [63,0,0] Assertion `-sizes[i] <= index && index < sizes[i] && "index out of bounds"` failed.
/pytorch/aten/src/ATen/native/cuda/IndexKernel.cu:94: operator(): block: [57,0,0], thread: [0,0,0] Assertion `-sizes[i] <= index && index < sizes[i] && "index out of bounds"` failed.
/pytorch/aten/src/ATen/native/cuda/IndexKernel.cu:94: operator(): block: [57,0,0], thread: [1,0,0] Assertion `-sizes[i] <= index && index < sizes[i] && "index out of bounds"` failed.
/pytorch/aten/src/ATen/native/cuda/IndexKernel.cu:94: operator(): block: [57,0,0], thread: [2,0,0] Assertion `-sizes[i] <= index && index < sizes[i] && "index out of bounds"` failed.
/pytorch/aten/src/ATen/native/cuda/IndexKernel.cu:94: operator(): block: [57,0,0], thread: [3,0,0] Assertion `-sizes[i] <= index && index < sizes[i] && "index out of bounds"` failed.
/pytorch/aten/src/ATen/native/cuda/IndexKernel.cu:94: operator(): block: [57,0,0], thread: [4,0,0] Assertion `-sizes[i] <= index && index < sizes[i] && "index out of bounds"` failed.
/pytorch/aten/src/ATen/native/cuda/IndexKernel.cu:94: operator(): block: [57,0,0], thread: [5,0,0] Assertion `-sizes[i] <= index && index < sizes[i] && "index out of bounds"` failed.
/pytorch/aten/src/ATen/native/cuda/IndexKernel.cu:94: operator(): block: [57,0,0], thread: [6,0,0] Assertion `-sizes[i] <= index && index < sizes[i] && "index out of bounds"` failed.
/pytorch/aten/src/ATen/native/cuda/IndexKernel.cu:94: operator(): block: [57,0,0], thread: [7,0,0] Assertion `-sizes[i] <= index && index < sizes[i] && "index out of bounds"` failed.
/pytorch/aten/src/ATen/native/cuda/IndexKernel.cu:94: operator(): block: [57,0,0], thread: [8,0,0] Assertion `-sizes[i] <= index && index < sizes[i] && "index out of bounds"` failed.
/pytorch/aten/src/ATen/native/cuda/IndexKernel.cu:94: operator(): block: [57,0,0], thread: [9,0,0] Assertion `-sizes[i] <= index && index < sizes[i] && "index out of bounds"` failed.
/pytorch/aten/src/ATen/native/cuda/IndexKernel.cu:94: operator(): block: [57,0,0], thread: [10,0,0] Assertion `-sizes[i] <= index && index < sizes[i] && "index out of bounds"` failed.
/pytorch/aten/src/ATen/native/cuda/IndexKernel.cu:94: operator(): block: [57,0,0], thread: [11,0,0] Assertion `-sizes[i] <= index && index < sizes[i] && "index out of bounds"` failed.
/pytorch/aten/src/ATen/native/cuda/IndexKernel.cu:94: operator(): block: [57,0,0], thread: [12,0,0] Assertion `-sizes[i] <= index && index < sizes[i] && "index out of bounds"` failed.
/pytorch/aten/src/ATen/native/cuda/IndexKernel.cu:94: operator(): block: [57,0,0], thread: [13,0,0] Assertion `-sizes[i] <= index && index < sizes[i] && "index out of bounds"` failed.
/pytorch/aten/src/ATen/native/cuda/IndexKernel.cu:94: operator(): block: [57,0,0], thread: [14,0,0] Assertion `-sizes[i] <= index && index < sizes[i] && "index out of bounds"` failed.
/pytorch/aten/src/ATen/native/cuda/IndexKernel.cu:94: operator(): block: [57,0,0], thread: [15,0,0] Assertion `-sizes[i] <= index && index < sizes[i] && "index out of bounds"` failed.
/pytorch/aten/src/ATen/native/cuda/IndexKernel.cu:94: operator(): block: [57,0,0], thread: [16,0,0] Assertion `-sizes[i] <= index && index < sizes[i] && "index out of bounds"` failed.
/pytorch/aten/src/ATen/native/cuda/IndexKernel.cu:94: operator(): block: [57,0,0], thread: [17,0,0] Assertion `-sizes[i] <= index && index < sizes[i] && "index out of bounds"` failed.
/pytorch/aten/src/ATen/native/cuda/IndexKernel.cu:94: operator(): block: [57,0,0], thread: [18,0,0] Assertion `-sizes[i] <= index && index < sizes[i] && "index out of bounds"` failed.
/pytorch/aten/src/ATen/native/cuda/IndexKernel.cu:94: operator(): block: [57,0,0], thread: [19,0,0] Assertion `-sizes[i] <= index && index < sizes[i] && "index out of bounds"` failed.
/pytorch/aten/src/ATen/native/cuda/IndexKernel.cu:94: operator(): block: [57,0,0], thread: [20,0,0] Assertion `-sizes[i] <= index && index < sizes[i] && "index out of bounds"` failed.
/pytorch/aten/src/ATen/native/cuda/IndexKernel.cu:94: operator(): block: [57,0,0], thread: [21,0,0] Assertion `-sizes[i] <= index && index < sizes[i] && "index out of bounds"` failed.
/pytorch/aten/src/ATen/native/cuda/IndexKernel.cu:94: operator(): block: [57,0,0], thread: [22,0,0] Assertion `-sizes[i] <= index && index < sizes[i] && "index out of bounds"` failed.
/pytorch/aten/src/ATen/native/cuda/IndexKernel.cu:94: operator(): block: [57,0,0], thread: [23,0,0] Assertion `-sizes[i] <= index && index < sizes[i] && "index out of bounds"` failed.
/pytorch/aten/src/ATen/native/cuda/IndexKernel.cu:94: operator(): block: [57,0,0], thread: [24,0,0] Assertion `-sizes[i] <= index && index < sizes[i] && "index out of bounds"` failed.
/pytorch/aten/src/ATen/native/cuda/IndexKernel.cu:94: operator(): block: [57,0,0], thread: [25,0,0] Assertion `-sizes[i] <= index && index < sizes[i] && "index out of bounds"` failed.
/pytorch/aten/src/ATen/native/cuda/IndexKernel.cu:94: operator(): block: [57,0,0], thread: [26,0,0] Assertion `-sizes[i] <= index && index < sizes[i] && "index out of bounds"` failed.
/pytorch/aten/src/ATen/native/cuda/IndexKernel.cu:94: operator(): block: [57,0,0], thread: [27,0,0] Assertion `-sizes[i] <= index && index < sizes[i] && "index out of bounds"` failed.
/pytorch/aten/src/ATen/native/cuda/IndexKernel.cu:94: operator(): block: [57,0,0], thread: [28,0,0] Assertion `-sizes[i] <= index && index < sizes[i] && "index out of bounds"` failed.
/pytorch/aten/src/ATen/native/cuda/IndexKernel.cu:94: operator(): block: [57,0,0], thread: [29,0,0] Assertion `-sizes[i] <= index && index < sizes[i] && "index out of bounds"` failed.
/pytorch/aten/src/ATen/native/cuda/IndexKernel.cu:94: operator(): block: [57,0,0], thread: [30,0,0] Assertion `-sizes[i] <= index && index < sizes[i] && "index out of bounds"` failed.
/pytorch/aten/src/ATen/native/cuda/IndexKernel.cu:94: operator(): block: [57,0,0], thread: [31,0,0] Assertion `-sizes[i] <= index && index < sizes[i] && "index out of bounds"` failed.
/pytorch/aten/src/ATen/native/cuda/IndexKernel.cu:94: operator(): block: [75,0,0], thread: [64,0,0] Assertion `-sizes[i] <= index && index < sizes[i] && "index out of bounds"` failed.
/pytorch/aten/src/ATen/native/cuda/IndexKernel.cu:94: operator(): block: [75,0,0], thread: [65,0,0] Assertion `-sizes[i] <= index && index < sizes[i] && "index out of bounds"` failed.
/pytorch/aten/src/ATen/native/cuda/IndexKernel.cu:94: operator(): block: [75,0,0], thread: [66,0,0] Assertion `-sizes[i] <= index && index < sizes[i] && "index out of bounds"` failed.
/pytorch/aten/src/ATen/native/cuda/IndexKernel.cu:94: operator(): block: [75,0,0], thread: [67,0,0] Assertion `-sizes[i] <= index && index < sizes[i] && "index out of bounds"` failed.
/pytorch/aten/src/ATen/native/cuda/IndexKernel.cu:94: operator(): block: [75,0,0], thread: [68,0,0] Assertion `-sizes[i] <= index && index < sizes[i] && "index out of bounds"` failed.
/pytorch/aten/src/ATen/native/cuda/IndexKernel.cu:94: operator(): block: [75,0,0], thread: [69,0,0] Assertion `-sizes[i] <= index && index < sizes[i] && "index out of bounds"` failed.
/pytorch/aten/src/ATen/native/cuda/IndexKernel.cu:94: operator(): block: [75,0,0], thread: [70,0,0] Assertion `-sizes[i] <= index && index < sizes[i] && "index out of bounds"` failed.
/pytorch/aten/src/ATen/native/cuda/IndexKernel.cu:94: operator(): block: [75,0,0], thread: [71,0,0] Assertion `-sizes[i] <= index && index < sizes[i] && "index out of bounds"` failed.
/pytorch/aten/src/ATen/native/cuda/IndexKernel.cu:94: operator(): block: [75,0,0], thread: [72,0,0] Assertion `-sizes[i] <= index && index < sizes[i] && "index out of bounds"` failed.
/pytorch/aten/src/ATen/native/cuda/IndexKernel.cu:94: operator(): block: [75,0,0], thread: [73,0,0] Assertion `-sizes[i] <= index && index < sizes[i] && "index out of bounds"` failed.
/pytorch/aten/src/ATen/native/cuda/IndexKernel.cu:94: operator(): block: [75,0,0], thread: [74,0,0] Assertion `-sizes[i] <= index && index < sizes[i] && "index out of bounds"` failed.
/pytorch/aten/src/ATen/native/cuda/IndexKernel.cu:94: operator(): block: [75,0,0], thread: [75,0,0] Assertion `-sizes[i] <= index && index < sizes[i] && "index out of bounds"` failed.
/pytorch/aten/src/ATen/native/cuda/IndexKernel.cu:94: operator(): block: [75,0,0], thread: [76,0,0] Assertion `-sizes[i] <= index && index < sizes[i] && "index out of bounds"` failed.
/pytorch/aten/src/ATen/native/cuda/IndexKernel.cu:94: operator(): block: [75,0,0], thread: [77,0,0] Assertion `-sizes[i] <= index && index < sizes[i] && "index out of bounds"` failed.
/pytorch/aten/src/ATen/native/cuda/IndexKernel.cu:94: operator(): block: [75,0,0], thread: [78,0,0] Assertion `-sizes[i] <= index && index < sizes[i] && "index out of bounds"` failed.
/pytorch/aten/src/ATen/native/cuda/IndexKernel.cu:94: operator(): block: [75,0,0], thread: [79,0,0] Assertion `-sizes[i] <= index && index < sizes[i] && "index out of bounds"` failed.
/pytorch/aten/src/ATen/native/cuda/IndexKernel.cu:94: operator(): block: [75,0,0], thread: [80,0,0] Assertion `-sizes[i] <= index && index < sizes[i] && "index out of bounds"` failed.
/pytorch/aten/src/ATen/native/cuda/IndexKernel.cu:94: operator(): block: [75,0,0], thread: [81,0,0] Assertion `-sizes[i] <= index && index < sizes[i] && "index out of bounds"` failed.
/pytorch/aten/src/ATen/native/cuda/IndexKernel.cu:94: operator(): block: [75,0,0], thread: [82,0,0] Assertion `-sizes[i] <= index && index < sizes[i] && "index out of bounds"` failed.
/pytorch/aten/src/ATen/native/cuda/IndexKernel.cu:94: operator(): block: [75,0,0], thread: [83,0,0] Assertion `-sizes[i] <= index && index < sizes[i] && "index out of bounds"` failed.
/pytorch/aten/src/ATen/native/cuda/IndexKernel.cu:94: operator(): block: [75,0,0], thread: [84,0,0] Assertion `-sizes[i] <= index && index < sizes[i] && "index out of bounds"` failed.
/pytorch/aten/src/ATen/native/cuda/IndexKernel.cu:94: operator(): block: [75,0,0], thread: [85,0,0] Assertion `-sizes[i] <= index && index < sizes[i] && "index out of bounds"` failed.
/pytorch/aten/src/ATen/native/cuda/IndexKernel.cu:94: operator(): block: [75,0,0], thread: [86,0,0] Assertion `-sizes[i] <= index && index < sizes[i] && "index out of bounds"` failed.
/pytorch/aten/src/ATen/native/cuda/IndexKernel.cu:94: operator(): block: [75,0,0], thread: [87,0,0] Assertion `-sizes[i] <= index && index < sizes[i] && "index out of bounds"` failed.
/pytorch/aten/src/ATen/native/cuda/IndexKernel.cu:94: operator(): block: [75,0,0], thread: [88,0,0] Assertion `-sizes[i] <= index && index < sizes[i] && "index out of bounds"` failed.
/pytorch/aten/src/ATen/native/cuda/IndexKernel.cu:94: operator(): block: [75,0,0], thread: [89,0,0] Assertion `-sizes[i] <= index && index < sizes[i] && "index out of bounds"` failed.
/pytorch/aten/src/ATen/native/cuda/IndexKernel.cu:94: operator(): block: [75,0,0], thread: [90,0,0] Assertion `-sizes[i] <= index && index < sizes[i] && "index out of bounds"` failed.
/pytorch/aten/src/ATen/native/cuda/IndexKernel.cu:94: operator(): block: [75,0,0], thread: [91,0,0] Assertion `-sizes[i] <= index && index < sizes[i] && "index out of bounds"` failed.
/pytorch/aten/src/ATen/native/cuda/IndexKernel.cu:94: operator(): block: [75,0,0], thread: [92,0,0] Assertion `-sizes[i] <= index && index < sizes[i] && "index out of bounds"` failed.
/pytorch/aten/src/ATen/native/cuda/IndexKernel.cu:94: operator(): block: [75,0,0], thread: [93,0,0] Assertion `-sizes[i] <= index && index < sizes[i] && "index out of bounds"` failed.
/pytorch/aten/src/ATen/native/cuda/IndexKernel.cu:94: operator(): block: [75,0,0], thread: [94,0,0] Assertion `-sizes[i] <= index && index < sizes[i] && "index out of bounds"` failed.
/pytorch/aten/src/ATen/native/cuda/IndexKernel.cu:94: operator(): block: [75,0,0], thread: [95,0,0] Assertion `-sizes[i] <= index && index < sizes[i] && "index out of bounds"` failed.
/pytorch/aten/src/ATen/native/cuda/IndexKernel.cu:94: operator(): block: [78,0,0], thread: [64,0,0] Assertion `-sizes[i] <= index && index < sizes[i] && "index out of bounds"` failed.
/pytorch/aten/src/ATen/native/cuda/IndexKernel.cu:94: operator(): block: [78,0,0], thread: [65,0,0] Assertion `-sizes[i] <= index && index < sizes[i] && "index out of bounds"` failed.
/pytorch/aten/src/ATen/native/cuda/IndexKernel.cu:94: operator(): block: [78,0,0], thread: [66,0,0] Assertion `-sizes[i] <= index && index < sizes[i] && "index out of bounds"` failed.
/pytorch/aten/src/ATen/native/cuda/IndexKernel.cu:94: operator(): block: [78,0,0], thread: [67,0,0] Assertion `-sizes[i] <= index && index < sizes[i] && "index out of bounds"` failed.
/pytorch/aten/src/ATen/native/cuda/IndexKernel.cu:94: operator(): block: [78,0,0], thread: [68,0,0] Assertion `-sizes[i] <= index && index < sizes[i] && "index out of bounds"` failed.
/pytorch/aten/src/ATen/native/cuda/IndexKernel.cu:94: operator(): block: [78,0,0], thread: [69,0,0] Assertion `-sizes[i] <= index && index < sizes[i] && "index out of bounds"` failed.
/pytorch/aten/src/ATen/native/cuda/IndexKernel.cu:94: operator(): block: [78,0,0], thread: [70,0,0] Assertion `-sizes[i] <= index && index < sizes[i] && "index out of bounds"` failed.
/pytorch/aten/src/ATen/native/cuda/IndexKernel.cu:94: operator(): block: [78,0,0], thread: [71,0,0] Assertion `-sizes[i] <= index && index < sizes[i] && "index out of bounds"` failed.
/pytorch/aten/src/ATen/native/cuda/IndexKernel.cu:94: operator(): block: [78,0,0], thread: [72,0,0] Assertion `-sizes[i] <= index && index < sizes[i] && "index out of bounds"` failed.
/pytorch/aten/src/ATen/native/cuda/IndexKernel.cu:94: operator(): block: [78,0,0], thread: [73,0,0] Assertion `-sizes[i] <= index && index < sizes[i] && "index out of bounds"` failed.
/pytorch/aten/src/ATen/native/cuda/IndexKernel.cu:94: operator(): block: [78,0,0], thread: [74,0,0] Assertion `-sizes[i] <= index && index < sizes[i] && "index out of bounds"` failed.
/pytorch/aten/src/ATen/native/cuda/IndexKernel.cu:94: operator(): block: [78,0,0], thread: [75,0,0] Assertion `-sizes[i] <= index && index < sizes[i] && "index out of bounds"` failed.
/pytorch/aten/src/ATen/native/cuda/IndexKernel.cu:94: operator(): block: [78,0,0], thread: [76,0,0] Assertion `-sizes[i] <= index && index < sizes[i] && "index out of bounds"` failed.
/pytorch/aten/src/ATen/native/cuda/IndexKernel.cu:94: operator(): block: [78,0,0], thread: [77,0,0] Assertion `-sizes[i] <= index && index < sizes[i] && "index out of bounds"` failed.
/pytorch/aten/src/ATen/native/cuda/IndexKernel.cu:94: operator(): block: [78,0,0], thread: [78,0,0] Assertion `-sizes[i] <= index && index < sizes[i] && "index out of bounds"` failed.
/pytorch/aten/src/ATen/native/cuda/IndexKernel.cu:94: operator(): block: [78,0,0], thread: [79,0,0] Assertion `-sizes[i] <= index && index < sizes[i] && "index out of bounds"` failed.
/pytorch/aten/src/ATen/native/cuda/IndexKernel.cu:94: operator(): block: [78,0,0], thread: [80,0,0] Assertion `-sizes[i] <= index && index < sizes[i] && "index out of bounds"` failed.
/pytorch/aten/src/ATen/native/cuda/IndexKernel.cu:94: operator(): block: [78,0,0], thread: [81,0,0] Assertion `-sizes[i] <= index && index < sizes[i] && "index out of bounds"` failed.
/pytorch/aten/src/ATen/native/cuda/IndexKernel.cu:94: operator(): block: [78,0,0], thread: [82,0,0] Assertion `-sizes[i] <= index && index < sizes[i] && "index out of bounds"` failed.
/pytorch/aten/src/ATen/native/cuda/IndexKernel.cu:94: operator(): block: [78,0,0], thread: [83,0,0] Assertion `-sizes[i] <= index && index < sizes[i] && "index out of bounds"` failed.
/pytorch/aten/src/ATen/native/cuda/IndexKernel.cu:94: operator(): block: [78,0,0], thread: [84,0,0] Assertion `-sizes[i] <= index && index < sizes[i] && "index out of bounds"` failed.
/pytorch/aten/src/ATen/native/cuda/IndexKernel.cu:94: operator(): block: [78,0,0], thread: [85,0,0] Assertion `-sizes[i] <= index && index < sizes[i] && "index out of bounds"` failed.
/pytorch/aten/src/ATen/native/cuda/IndexKernel.cu:94: operator(): block: [78,0,0], thread: [86,0,0] Assertion `-sizes[i] <= index && index < sizes[i] && "index out of bounds"` failed.
/pytorch/aten/src/ATen/native/cuda/IndexKernel.cu:94: operator(): block: [78,0,0], thread: [87,0,0] Assertion `-sizes[i] <= index && index < sizes[i] && "index out of bounds"` failed.
/pytorch/aten/src/ATen/native/cuda/IndexKernel.cu:94: operator(): block: [78,0,0], thread: [88,0,0] Assertion `-sizes[i] <= index && index < sizes[i] && "index out of bounds"` failed.
/pytorch/aten/src/ATen/native/cuda/IndexKernel.cu:94: operator(): block: [78,0,0], thread: [89,0,0] Assertion `-sizes[i] <= index && index < sizes[i] && "index out of bounds"` failed.
/pytorch/aten/src/ATen/native/cuda/IndexKernel.cu:94: operator(): block: [78,0,0], thread: [90,0,0] Assertion `-sizes[i] <= index && index < sizes[i] && "index out of bounds"` failed.
/pytorch/aten/src/ATen/native/cuda/IndexKernel.cu:94: operator(): block: [78,0,0], thread: [91,0,0] Assertion `-sizes[i] <= index && index < sizes[i] && "index out of bounds"` failed.
/pytorch/aten/src/ATen/native/cuda/IndexKernel.cu:94: operator(): block: [78,0,0], thread: [92,0,0] Assertion `-sizes[i] <= index && index < sizes[i] && "index out of bounds"` failed.
/pytorch/aten/src/ATen/native/cuda/IndexKernel.cu:94: operator(): block: [78,0,0], thread: [93,0,0] Assertion `-sizes[i] <= index && index < sizes[i] && "index out of bounds"` failed.
/pytorch/aten/src/ATen/native/cuda/IndexKernel.cu:94: operator(): block: [78,0,0], thread: [94,0,0] Assertion `-sizes[i] <= index && index < sizes[i] && "index out of bounds"` failed.
/pytorch/aten/src/ATen/native/cuda/IndexKernel.cu:94: operator(): block: [78,0,0], thread: [95,0,0] Assertion `-sizes[i] <= index && index < sizes[i] && "index out of bounds"` failed.
/pytorch/aten/src/ATen/native/cuda/IndexKernel.cu:94: operator(): block: [126,0,0], thread: [0,0,0] Assertion `-sizes[i] <= index && index < sizes[i] && "index out of bounds"` failed.
/pytorch/aten/src/ATen/native/cuda/IndexKernel.cu:94: operator(): block: [126,0,0], thread: [1,0,0] Assertion `-sizes[i] <= index && index < sizes[i] && "index out of bounds"` failed.
/pytorch/aten/src/ATen/native/cuda/IndexKernel.cu:94: operator(): block: [126,0,0], thread: [2,0,0] Assertion `-sizes[i] <= index && index < sizes[i] && "index out of bounds"` failed.
/pytorch/aten/src/ATen/native/cuda/IndexKernel.cu:94: operator(): block: [126,0,0], thread: [3,0,0] Assertion `-sizes[i] <= index && index < sizes[i] && "index out of bounds"` failed.
/pytorch/aten/src/ATen/native/cuda/IndexKernel.cu:94: operator(): block: [126,0,0], thread: [4,0,0] Assertion `-sizes[i] <= index && index < sizes[i] && "index out of bounds"` failed.
/pytorch/aten/src/ATen/native/cuda/IndexKernel.cu:94: operator(): block: [126,0,0], thread: [5,0,0] Assertion `-sizes[i] <= index && index < sizes[i] && "index out of bounds"` failed.
/pytorch/aten/src/ATen/native/cuda/IndexKernel.cu:94: operator(): block: [126,0,0], thread: [6,0,0] Assertion `-sizes[i] <= index && index < sizes[i] && "index out of bounds"` failed.
/pytorch/aten/src/ATen/native/cuda/IndexKernel.cu:94: operator(): block: [126,0,0], thread: [7,0,0] Assertion `-sizes[i] <= index && index < sizes[i] && "index out of bounds"` failed.
/pytorch/aten/src/ATen/native/cuda/IndexKernel.cu:94: operator(): block: [126,0,0], thread: [8,0,0] Assertion `-sizes[i] <= index && index < sizes[i] && "index out of bounds"` failed.
/pytorch/aten/src/ATen/native/cuda/IndexKernel.cu:94: operator(): block: [126,0,0], thread: [9,0,0] Assertion `-sizes[i] <= index && index < sizes[i] && "index out of bounds"` failed.
/pytorch/aten/src/ATen/native/cuda/IndexKernel.cu:94: operator(): block: [126,0,0], thread: [10,0,0] Assertion `-sizes[i] <= index && index < sizes[i] && "index out of bounds"` failed.
/pytorch/aten/src/ATen/native/cuda/IndexKernel.cu:94: operator(): block: [126,0,0], thread: [11,0,0] Assertion `-sizes[i] <= index && index < sizes[i] && "index out of bounds"` failed.
/pytorch/aten/src/ATen/native/cuda/IndexKernel.cu:94: operator(): block: [126,0,0], thread: [12,0,0] Assertion `-sizes[i] <= index && index < sizes[i] && "index out of bounds"` failed.
/pytorch/aten/src/ATen/native/cuda/IndexKernel.cu:94: operator(): block: [126,0,0], thread: [13,0,0] Assertion `-sizes[i] <= index && index < sizes[i] && "index out of bounds"` failed.
/pytorch/aten/src/ATen/native/cuda/IndexKernel.cu:94: operator(): block: [126,0,0], thread: [14,0,0] Assertion `-sizes[i] <= index && index < sizes[i] && "index out of bounds"` failed.
/pytorch/aten/src/ATen/native/cuda/IndexKernel.cu:94: operator(): block: [126,0,0], thread: [15,0,0] Assertion `-sizes[i] <= index && index < sizes[i] && "index out of bounds"` failed.
/pytorch/aten/src/ATen/native/cuda/IndexKernel.cu:94: operator(): block: [126,0,0], thread: [16,0,0] Assertion `-sizes[i] <= index && index < sizes[i] && "index out of bounds"` failed.
/pytorch/aten/src/ATen/native/cuda/IndexKernel.cu:94: operator(): block: [126,0,0], thread: [17,0,0] Assertion `-sizes[i] <= index && index < sizes[i] && "index out of bounds"` failed.
/pytorch/aten/src/ATen/native/cuda/IndexKernel.cu:94: operator(): block: [126,0,0], thread: [18,0,0] Assertion `-sizes[i] <= index && index < sizes[i] && "index out of bounds"` failed.
/pytorch/aten/src/ATen/native/cuda/IndexKernel.cu:94: operator(): block: [126,0,0], thread: [19,0,0] Assertion `-sizes[i] <= index && index < sizes[i] && "index out of bounds"` failed.
/pytorch/aten/src/ATen/native/cuda/IndexKernel.cu:94: operator(): block: [126,0,0], thread: [20,0,0] Assertion `-sizes[i] <= index && index < sizes[i] && "index out of bounds"` failed.
/pytorch/aten/src/ATen/native/cuda/IndexKernel.cu:94: operator(): block: [126,0,0], thread: [21,0,0] Assertion `-sizes[i] <= index && index < sizes[i] && "index out of bounds"` failed.
/pytorch/aten/src/ATen/native/cuda/IndexKernel.cu:94: operator(): block: [126,0,0], thread: [22,0,0] Assertion `-sizes[i] <= index && index < sizes[i] && "index out of bounds"` failed.
/pytorch/aten/src/ATen/native/cuda/IndexKernel.cu:94: operator(): block: [126,0,0], thread: [23,0,0] Assertion `-sizes[i] <= index && index < sizes[i] && "index out of bounds"` failed.
/pytorch/aten/src/ATen/native/cuda/IndexKernel.cu:94: operator(): block: [126,0,0], thread: [24,0,0] Assertion `-sizes[i] <= index && index < sizes[i] && "index out of bounds"` failed.
/pytorch/aten/src/ATen/native/cuda/IndexKernel.cu:94: operator(): block: [126,0,0], thread: [25,0,0] Assertion `-sizes[i] <= index && index < sizes[i] && "index out of bounds"` failed.
/pytorch/aten/src/ATen/native/cuda/IndexKernel.cu:94: operator(): block: [126,0,0], thread: [26,0,0] Assertion `-sizes[i] <= index && index < sizes[i] && "index out of bounds"` failed.
/pytorch/aten/src/ATen/native/cuda/IndexKernel.cu:94: operator(): block: [126,0,0], thread: [27,0,0] Assertion `-sizes[i] <= index && index < sizes[i] && "index out of bounds"` failed.
/pytorch/aten/src/ATen/native/cuda/IndexKernel.cu:94: operator(): block: [126,0,0], thread: [28,0,0] Assertion `-sizes[i] <= index && index < sizes[i] && "index out of bounds"` failed.
/pytorch/aten/src/ATen/native/cuda/IndexKernel.cu:94: operator(): block: [126,0,0], thread: [29,0,0] Assertion `-sizes[i] <= index && index < sizes[i] && "index out of bounds"` failed.
/pytorch/aten/src/ATen/native/cuda/IndexKernel.cu:94: operator(): block: [126,0,0], thread: [30,0,0] Assertion `-sizes[i] <= index && index < sizes[i] && "index out of bounds"` failed.
/pytorch/aten/src/ATen/native/cuda/IndexKernel.cu:94: operator(): block: [126,0,0], thread: [31,0,0] Assertion `-sizes[i] <= index && index < sizes[i] && "index out of bounds"` failed.
/pytorch/aten/src/ATen/native/cuda/IndexKernel.cu:94: operator(): block: [123,0,0], thread: [64,0,0] Assertion `-sizes[i] <= index && index < sizes[i] && "index out of bounds"` failed.
/pytorch/aten/src/ATen/native/cuda/IndexKernel.cu:94: operator(): block: [123,0,0], thread: [65,0,0] Assertion `-sizes[i] <= index && index < sizes[i] && "index out of bounds"` failed.
/pytorch/aten/src/ATen/native/cuda/IndexKernel.cu:94: operator(): block: [123,0,0], thread: [66,0,0] Assertion `-sizes[i] <= index && index < sizes[i] && "index out of bounds"` failed.
/pytorch/aten/src/ATen/native/cuda/IndexKernel.cu:94: operator(): block: [123,0,0], thread: [67,0,0] Assertion `-sizes[i] <= index && index < sizes[i] && "index out of bounds"` failed.
/pytorch/aten/src/ATen/native/cuda/IndexKernel.cu:94: operator(): block: [123,0,0], thread: [68,0,0] Assertion `-sizes[i] <= index && index < sizes[i] && "index out of bounds"` failed.
/pytorch/aten/src/ATen/native/cuda/IndexKernel.cu:94: operator(): block: [123,0,0], thread: [69,0,0] Assertion `-sizes[i] <= index && index < sizes[i] && "index out of bounds"` failed.
/pytorch/aten/src/ATen/native/cuda/IndexKernel.cu:94: operator(): block: [123,0,0], thread: [70,0,0] Assertion `-sizes[i] <= index && index < sizes[i] && "index out of bounds"` failed.
/pytorch/aten/src/ATen/native/cuda/IndexKernel.cu:94: operator(): block: [123,0,0], thread: [71,0,0] Assertion `-sizes[i] <= index && index < sizes[i] && "index out of bounds"` failed.
/pytorch/aten/src/ATen/native/cuda/IndexKernel.cu:94: operator(): block: [123,0,0], thread: [72,0,0] Assertion `-sizes[i] <= index && index < sizes[i] && "index out of bounds"` failed.
/pytorch/aten/src/ATen/native/cuda/IndexKernel.cu:94: operator(): block: [123,0,0], thread: [73,0,0] Assertion `-sizes[i] <= index && index < sizes[i] && "index out of bounds"` failed.
/pytorch/aten/src/ATen/native/cuda/IndexKernel.cu:94: operator(): block: [123,0,0], thread: [74,0,0] Assertion `-sizes[i] <= index && index < sizes[i] && "index out of bounds"` failed.
/pytorch/aten/src/ATen/native/cuda/IndexKernel.cu:94: operator(): block: [123,0,0], thread: [75,0,0] Assertion `-sizes[i] <= index && index < sizes[i] && "index out of bounds"` failed.
/pytorch/aten/src/ATen/native/cuda/IndexKernel.cu:94: operator(): block: [123,0,0], thread: [76,0,0] Assertion `-sizes[i] <= index && index < sizes[i] && "index out of bounds"` failed.
/pytorch/aten/src/ATen/native/cuda/IndexKernel.cu:94: operator(): block: [123,0,0], thread: [77,0,0] Assertion `-sizes[i] <= index && index < sizes[i] && "index out of bounds"` failed.
/pytorch/aten/src/ATen/native/cuda/IndexKernel.cu:94: operator(): block: [123,0,0], thread: [78,0,0] Assertion `-sizes[i] <= index && index < sizes[i] && "index out of bounds"` failed.
/pytorch/aten/src/ATen/native/cuda/IndexKernel.cu:94: operator(): block: [123,0,0], thread: [79,0,0] Assertion `-sizes[i] <= index && index < sizes[i] && "index out of bounds"` failed.
/pytorch/aten/src/ATen/native/cuda/IndexKernel.cu:94: operator(): block: [123,0,0], thread: [80,0,0] Assertion `-sizes[i] <= index && index < sizes[i] && "index out of bounds"` failed.
/pytorch/aten/src/ATen/native/cuda/IndexKernel.cu:94: operator(): block: [123,0,0], thread: [81,0,0] Assertion `-sizes[i] <= index && index < sizes[i] && "index out of bounds"` failed.
/pytorch/aten/src/ATen/native/cuda/IndexKernel.cu:94: operator(): block: [123,0,0], thread: [82,0,0] Assertion `-sizes[i] <= index && index < sizes[i] && "index out of bounds"` failed.
/pytorch/aten/src/ATen/native/cuda/IndexKernel.cu:94: operator(): block: [123,0,0], thread: [83,0,0] Assertion `-sizes[i] <= index && index < sizes[i] && "index out of bounds"` failed.
/pytorch/aten/src/ATen/native/cuda/IndexKernel.cu:94: operator(): block: [123,0,0], thread: [84,0,0] Assertion `-sizes[i] <= index && index < sizes[i] && "index out of bounds"` failed.
/pytorch/aten/src/ATen/native/cuda/IndexKernel.cu:94: operator(): block: [123,0,0], thread: [85,0,0] Assertion `-sizes[i] <= index && index < sizes[i] && "index out of bounds"` failed.
/pytorch/aten/src/ATen/native/cuda/IndexKernel.cu:94: operator(): block: [123,0,0], thread: [86,0,0] Assertion `-sizes[i] <= index && index < sizes[i] && "index out of bounds"` failed.
/pytorch/aten/src/ATen/native/cuda/IndexKernel.cu:94: operator(): block: [123,0,0], thread: [87,0,0] Assertion `-sizes[i] <= index && index < sizes[i] && "index out of bounds"` failed.
/pytorch/aten/src/ATen/native/cuda/IndexKernel.cu:94: operator(): block: [123,0,0], thread: [88,0,0] Assertion `-sizes[i] <= index && index < sizes[i] && "index out of bounds"` failed.
/pytorch/aten/src/ATen/native/cuda/IndexKernel.cu:94: operator(): block: [123,0,0], thread: [89,0,0] Assertion `-sizes[i] <= index && index < sizes[i] && "index out of bounds"` failed.
/pytorch/aten/src/ATen/native/cuda/IndexKernel.cu:94: operator(): block: [123,0,0], thread: [90,0,0] Assertion `-sizes[i] <= index && index < sizes[i] && "index out of bounds"` failed.
/pytorch/aten/src/ATen/native/cuda/IndexKernel.cu:94: operator(): block: [123,0,0], thread: [91,0,0] Assertion `-sizes[i] <= index && index < sizes[i] && "index out of bounds"` failed.
/pytorch/aten/src/ATen/native/cuda/IndexKernel.cu:94: operator(): block: [123,0,0], thread: [92,0,0] Assertion `-sizes[i] <= index && index < sizes[i] && "index out of bounds"` failed.
/pytorch/aten/src/ATen/native/cuda/IndexKernel.cu:94: operator(): block: [123,0,0], thread: [93,0,0] Assertion `-sizes[i] <= index && index < sizes[i] && "index out of bounds"` failed.
/pytorch/aten/src/ATen/native/cuda/IndexKernel.cu:94: operator(): block: [123,0,0], thread: [94,0,0] Assertion `-sizes[i] <= index && index < sizes[i] && "index out of bounds"` failed.
/pytorch/aten/src/ATen/native/cuda/IndexKernel.cu:94: operator(): block: [123,0,0], thread: [95,0,0] Assertion `-sizes[i] <= index && index < sizes[i] && "index out of bounds"` failed.
/pytorch/aten/src/ATen/native/cuda/IndexKernel.cu:94: operator(): block: [139,0,0], thread: [32,0,0] Assertion `-sizes[i] <= index && index < sizes[i] && "index out of bounds"` failed.
/pytorch/aten/src/ATen/native/cuda/IndexKernel.cu:94: operator(): block: [139,0,0], thread: [33,0,0] Assertion `-sizes[i] <= index && index < sizes[i] && "index out of bounds"` failed.
/pytorch/aten/src/ATen/native/cuda/IndexKernel.cu:94: operator(): block: [139,0,0], thread: [34,0,0] Assertion `-sizes[i] <= index && index < sizes[i] && "index out of bounds"` failed.
/pytorch/aten/src/ATen/native/cuda/IndexKernel.cu:94: operator(): block: [139,0,0], thread: [35,0,0] Assertion `-sizes[i] <= index && index < sizes[i] && "index out of bounds"` failed.
/pytorch/aten/src/ATen/native/cuda/IndexKernel.cu:94: operator(): block: [139,0,0], thread: [36,0,0] Assertion `-sizes[i] <= index && index < sizes[i] && "index out of bounds"` failed.
/pytorch/aten/src/ATen/native/cuda/IndexKernel.cu:94: operator(): block: [139,0,0], thread: [37,0,0] Assertion `-sizes[i] <= index && index < sizes[i] && "index out of bounds"` failed.
/pytorch/aten/src/ATen/native/cuda/IndexKernel.cu:94: operator(): block: [139,0,0], thread: [38,0,0] Assertion `-sizes[i] <= index && index < sizes[i] && "index out of bounds"` failed.
/pytorch/aten/src/ATen/native/cuda/IndexKernel.cu:94: operator(): block: [139,0,0], thread: [39,0,0] Assertion `-sizes[i] <= index && index < sizes[i] && "index out of bounds"` failed.
/pytorch/aten/src/ATen/native/cuda/IndexKernel.cu:94: operator(): block: [139,0,0], thread: [40,0,0] Assertion `-sizes[i] <= index && index < sizes[i] && "index out of bounds"` failed.
/pytorch/aten/src/ATen/native/cuda/IndexKernel.cu:94: operator(): block: [139,0,0], thread: [41,0,0] Assertion `-sizes[i] <= index && index < sizes[i] && "index out of bounds"` failed.
/pytorch/aten/src/ATen/native/cuda/IndexKernel.cu:94: operator(): block: [139,0,0], thread: [42,0,0] Assertion `-sizes[i] <= index && index < sizes[i] && "index out of bounds"` failed.
/pytorch/aten/src/ATen/native/cuda/IndexKernel.cu:94: operator(): block: [139,0,0], thread: [43,0,0] Assertion `-sizes[i] <= index && index < sizes[i] && "index out of bounds"` failed.
/pytorch/aten/src/ATen/native/cuda/IndexKernel.cu:94: operator(): block: [139,0,0], thread: [44,0,0] Assertion `-sizes[i] <= index && index < sizes[i] && "index out of bounds"` failed.
/pytorch/aten/src/ATen/native/cuda/IndexKernel.cu:94: operator(): block: [139,0,0], thread: [45,0,0] Assertion `-sizes[i] <= index && index < sizes[i] && "index out of bounds"` failed.
/pytorch/aten/src/ATen/native/cuda/IndexKernel.cu:94: operator(): block: [139,0,0], thread: [46,0,0] Assertion `-sizes[i] <= index && index < sizes[i] && "index out of bounds"` failed.
/pytorch/aten/src/ATen/native/cuda/IndexKernel.cu:94: operator(): block: [139,0,0], thread: [47,0,0] Assertion `-sizes[i] <= index && index < sizes[i] && "index out of bounds"` failed.
/pytorch/aten/src/ATen/native/cuda/IndexKernel.cu:94: operator(): block: [139,0,0], thread: [48,0,0] Assertion `-sizes[i] <= index && index < sizes[i] && "index out of bounds"` failed.
/pytorch/aten/src/ATen/native/cuda/IndexKernel.cu:94: operator(): block: [139,0,0], thread: [49,0,0] Assertion `-sizes[i] <= index && index < sizes[i] && "index out of bounds"` failed.
/pytorch/aten/src/ATen/native/cuda/IndexKernel.cu:94: operator(): block: [139,0,0], thread: [50,0,0] Assertion `-sizes[i] <= index && index < sizes[i] && "index out of bounds"` failed.
/pytorch/aten/src/ATen/native/cuda/IndexKernel.cu:94: operator(): block: [139,0,0], thread: [51,0,0] Assertion `-sizes[i] <= index && index < sizes[i] && "index out of bounds"` failed.
/pytorch/aten/src/ATen/native/cuda/IndexKernel.cu:94: operator(): block: [139,0,0], thread: [52,0,0] Assertion `-sizes[i] <= index && index < sizes[i] && "index out of bounds"` failed.
/pytorch/aten/src/ATen/native/cuda/IndexKernel.cu:94: operator(): block: [139,0,0], thread: [53,0,0] Assertion `-sizes[i] <= index && index < sizes[i] && "index out of bounds"` failed.
/pytorch/aten/src/ATen/native/cuda/IndexKernel.cu:94: operator(): block: [139,0,0], thread: [54,0,0] Assertion `-sizes[i] <= index && index < sizes[i] && "index out of bounds"` failed.
/pytorch/aten/src/ATen/native/cuda/IndexKernel.cu:94: operator(): block: [139,0,0], thread: [55,0,0] Assertion `-sizes[i] <= index && index < sizes[i] && "index out of bounds"` failed.
/pytorch/aten/src/ATen/native/cuda/IndexKernel.cu:94: operator(): block: [139,0,0], thread: [56,0,0] Assertion `-sizes[i] <= index && index < sizes[i] && "index out of bounds"` failed.
/pytorch/aten/src/ATen/native/cuda/IndexKernel.cu:94: operator(): block: [139,0,0], thread: [57,0,0] Assertion `-sizes[i] <= index && index < sizes[i] && "index out of bounds"` failed.
/pytorch/aten/src/ATen/native/cuda/IndexKernel.cu:94: operator(): block: [139,0,0], thread: [58,0,0] Assertion `-sizes[i] <= index && index < sizes[i] && "index out of bounds"` failed.
/pytorch/aten/src/ATen/native/cuda/IndexKernel.cu:94: operator(): block: [139,0,0], thread: [59,0,0] Assertion `-sizes[i] <= index && index < sizes[i] && "index out of bounds"` failed.
/pytorch/aten/src/ATen/native/cuda/IndexKernel.cu:94: operator(): block: [139,0,0], thread: [60,0,0] Assertion `-sizes[i] <= index && index < sizes[i] && "index out of bounds"` failed.
/pytorch/aten/src/ATen/native/cuda/IndexKernel.cu:94: operator(): block: [139,0,0], thread: [61,0,0] Assertion `-sizes[i] <= index && index < sizes[i] && "index out of bounds"` failed.
/pytorch/aten/src/ATen/native/cuda/IndexKernel.cu:94: operator(): block: [139,0,0], thread: [62,0,0] Assertion `-sizes[i] <= index && index < sizes[i] && "index out of bounds"` failed.
/pytorch/aten/src/ATen/native/cuda/IndexKernel.cu:94: operator(): block: [139,0,0], thread: [63,0,0] Assertion `-sizes[i] <= index && index < sizes[i] && "index out of bounds"` failed.
/pytorch/aten/src/ATen/native/cuda/IndexKernel.cu:94: operator(): block: [69,0,0], thread: [0,0,0] Assertion `-sizes[i] <= index && index < sizes[i] && "index out of bounds"` failed.
/pytorch/aten/src/ATen/native/cuda/IndexKernel.cu:94: operator(): block: [69,0,0], thread: [1,0,0] Assertion `-sizes[i] <= index && index < sizes[i] && "index out of bounds"` failed.
/pytorch/aten/src/ATen/native/cuda/IndexKernel.cu:94: operator(): block: [69,0,0], thread: [2,0,0] Assertion `-sizes[i] <= index && index < sizes[i] && "index out of bounds"` failed.
/pytorch/aten/src/ATen/native/cuda/IndexKernel.cu:94: operator(): block: [69,0,0], thread: [3,0,0] Assertion `-sizes[i] <= index && index < sizes[i] && "index out of bounds"` failed.
/pytorch/aten/src/ATen/native/cuda/IndexKernel.cu:94: operator(): block: [69,0,0], thread: [4,0,0] Assertion `-sizes[i] <= index && index < sizes[i] && "index out of bounds"` failed.
/pytorch/aten/src/ATen/native/cuda/IndexKernel.cu:94: operator(): block: [69,0,0], thread: [5,0,0] Assertion `-sizes[i] <= index && index < sizes[i] && "index out of bounds"` failed.
/pytorch/aten/src/ATen/native/cuda/IndexKernel.cu:94: operator(): block: [69,0,0], thread: [6,0,0] Assertion `-sizes[i] <= index && index < sizes[i] && "index out of bounds"` failed.
/pytorch/aten/src/ATen/native/cuda/IndexKernel.cu:94: operator(): block: [69,0,0], thread: [7,0,0] Assertion `-sizes[i] <= index && index < sizes[i] && "index out of bounds"` failed.
/pytorch/aten/src/ATen/native/cuda/IndexKernel.cu:94: operator(): block: [69,0,0], thread: [8,0,0] Assertion `-sizes[i] <= index && index < sizes[i] && "index out of bounds"` failed.
/pytorch/aten/src/ATen/native/cuda/IndexKernel.cu:94: operator(): block: [69,0,0], thread: [9,0,0] Assertion `-sizes[i] <= index && index < sizes[i] && "index out of bounds"` failed.
/pytorch/aten/src/ATen/native/cuda/IndexKernel.cu:94: operator(): block: [69,0,0], thread: [10,0,0] Assertion `-sizes[i] <= index && index < sizes[i] && "index out of bounds"` failed.
/pytorch/aten/src/ATen/native/cuda/IndexKernel.cu:94: operator(): block: [69,0,0], thread: [11,0,0] Assertion `-sizes[i] <= index && index < sizes[i] && "index out of bounds"` failed.
/pytorch/aten/src/ATen/native/cuda/IndexKernel.cu:94: operator(): block: [69,0,0], thread: [12,0,0] Assertion `-sizes[i] <= index && index < sizes[i] && "index out of bounds"` failed.
/pytorch/aten/src/ATen/native/cuda/IndexKernel.cu:94: operator(): block: [69,0,0], thread: [13,0,0] Assertion `-sizes[i] <= index && index < sizes[i] && "index out of bounds"` failed.
/pytorch/aten/src/ATen/native/cuda/IndexKernel.cu:94: operator(): block: [69,0,0], thread: [14,0,0] Assertion `-sizes[i] <= index && index < sizes[i] && "index out of bounds"` failed.
/pytorch/aten/src/ATen/native/cuda/IndexKernel.cu:94: operator(): block: [69,0,0], thread: [15,0,0] Assertion `-sizes[i] <= index && index < sizes[i] && "index out of bounds"` failed.
/pytorch/aten/src/ATen/native/cuda/IndexKernel.cu:94: operator(): block: [69,0,0], thread: [16,0,0] Assertion `-sizes[i] <= index && index < sizes[i] && "index out of bounds"` failed.
/pytorch/aten/src/ATen/native/cuda/IndexKernel.cu:94: operator(): block: [69,0,0], thread: [17,0,0] Assertion `-sizes[i] <= index && index < sizes[i] && "index out of bounds"` failed.
/pytorch/aten/src/ATen/native/cuda/IndexKernel.cu:94: operator(): block: [69,0,0], thread: [18,0,0] Assertion `-sizes[i] <= index && index < sizes[i] && "index out of bounds"` failed.
/pytorch/aten/src/ATen/native/cuda/IndexKernel.cu:94: operator(): block: [69,0,0], thread: [19,0,0] Assertion `-sizes[i] <= index && index < sizes[i] && "index out of bounds"` failed.
/pytorch/aten/src/ATen/native/cuda/IndexKernel.cu:94: operator(): block: [69,0,0], thread: [20,0,0] Assertion `-sizes[i] <= index && index < sizes[i] && "index out of bounds"` failed.
/pytorch/aten/src/ATen/native/cuda/IndexKernel.cu:94: operator(): block: [69,0,0], thread: [21,0,0] Assertion `-sizes[i] <= index && index < sizes[i] && "index out of bounds"` failed.
/pytorch/aten/src/ATen/native/cuda/IndexKernel.cu:94: operator(): block: [69,0,0], thread: [22,0,0] Assertion `-sizes[i] <= index && index < sizes[i] && "index out of bounds"` failed.
/pytorch/aten/src/ATen/native/cuda/IndexKernel.cu:94: operator(): block: [69,0,0], thread: [23,0,0] Assertion `-sizes[i] <= index && index < sizes[i] && "index out of bounds"` failed.
/pytorch/aten/src/ATen/native/cuda/IndexKernel.cu:94: operator(): block: [69,0,0], thread: [24,0,0] Assertion `-sizes[i] <= index && index < sizes[i] && "index out of bounds"` failed.
/pytorch/aten/src/ATen/native/cuda/IndexKernel.cu:94: operator(): block: [69,0,0], thread: [25,0,0] Assertion `-sizes[i] <= index && index < sizes[i] && "index out of bounds"` failed.
/pytorch/aten/src/ATen/native/cuda/IndexKernel.cu:94: operator(): block: [69,0,0], thread: [26,0,0] Assertion `-sizes[i] <= index && index < sizes[i] && "index out of bounds"` failed.
/pytorch/aten/src/ATen/native/cuda/IndexKernel.cu:94: operator(): block: [69,0,0], thread: [27,0,0] Assertion `-sizes[i] <= index && index < sizes[i] && "index out of bounds"` failed.
/pytorch/aten/src/ATen/native/cuda/IndexKernel.cu:94: operator(): block: [69,0,0], thread: [28,0,0] Assertion `-sizes[i] <= index && index < sizes[i] && "index out of bounds"` failed.
/pytorch/aten/src/ATen/native/cuda/IndexKernel.cu:94: operator(): block: [69,0,0], thread: [29,0,0] Assertion `-sizes[i] <= index && index < sizes[i] && "index out of bounds"` failed.
/pytorch/aten/src/ATen/native/cuda/IndexKernel.cu:94: operator(): block: [69,0,0], thread: [30,0,0] Assertion `-sizes[i] <= index && index < sizes[i] && "index out of bounds"` failed.
/pytorch/aten/src/ATen/native/cuda/IndexKernel.cu:94: operator(): block: [69,0,0], thread: [31,0,0] Assertion `-sizes[i] <= index && index < sizes[i] && "index out of bounds"` failed.
/pytorch/aten/src/ATen/native/cuda/IndexKernel.cu:94: operator(): block: [112,0,0], thread: [32,0,0] Assertion `-sizes[i] <= index && index < sizes[i] && "index out of bounds"` failed.
/pytorch/aten/src/ATen/native/cuda/IndexKernel.cu:94: operator(): block: [112,0,0], thread: [33,0,0] Assertion `-sizes[i] <= index && index < sizes[i] && "index out of bounds"` failed.
/pytorch/aten/src/ATen/native/cuda/IndexKernel.cu:94: operator(): block: [112,0,0], thread: [34,0,0] Assertion `-sizes[i] <= index && index < sizes[i] && "index out of bounds"` failed.
/pytorch/aten/src/ATen/native/cuda/IndexKernel.cu:94: operator(): block: [112,0,0], thread: [35,0,0] Assertion `-sizes[i] <= index && index < sizes[i] && "index out of bounds"` failed.
/pytorch/aten/src/ATen/native/cuda/IndexKernel.cu:94: operator(): block: [112,0,0], thread: [36,0,0] Assertion `-sizes[i] <= index && index < sizes[i] && "index out of bounds"` failed.
/pytorch/aten/src/ATen/native/cuda/IndexKernel.cu:94: operator(): block: [112,0,0], thread: [37,0,0] Assertion `-sizes[i] <= index && index < sizes[i] && "index out of bounds"` failed.
/pytorch/aten/src/ATen/native/cuda/IndexKernel.cu:94: operator(): block: [112,0,0], thread: [38,0,0] Assertion `-sizes[i] <= index && index < sizes[i] && "index out of bounds"` failed.
/pytorch/aten/src/ATen/native/cuda/IndexKernel.cu:94: operator(): block: [112,0,0], thread: [39,0,0] Assertion `-sizes[i] <= index && index < sizes[i] && "index out of bounds"` failed.
/pytorch/aten/src/ATen/native/cuda/IndexKernel.cu:94: operator(): block: [112,0,0], thread: [40,0,0] Assertion `-sizes[i] <= index && index < sizes[i] && "index out of bounds"` failed.
/pytorch/aten/src/ATen/native/cuda/IndexKernel.cu:94: operator(): block: [112,0,0], thread: [41,0,0] Assertion `-sizes[i] <= index && index < sizes[i] && "index out of bounds"` failed.
/pytorch/aten/src/ATen/native/cuda/IndexKernel.cu:94: operator(): block: [112,0,0], thread: [42,0,0] Assertion `-sizes[i] <= index && index < sizes[i] && "index out of bounds"` failed.
/pytorch/aten/src/ATen/native/cuda/IndexKernel.cu:94: operator(): block: [112,0,0], thread: [43,0,0] Assertion `-sizes[i] <= index && index < sizes[i] && "index out of bounds"` failed.
/pytorch/aten/src/ATen/native/cuda/IndexKernel.cu:94: operator(): block: [112,0,0], thread: [44,0,0] Assertion `-sizes[i] <= index && index < sizes[i] && "index out of bounds"` failed.
/pytorch/aten/src/ATen/native/cuda/IndexKernel.cu:94: operator(): block: [112,0,0], thread: [45,0,0] Assertion `-sizes[i] <= index && index < sizes[i] && "index out of bounds"` failed.
/pytorch/aten/src/ATen/native/cuda/IndexKernel.cu:94: operator(): block: [112,0,0], thread: [46,0,0] Assertion `-sizes[i] <= index && index < sizes[i] && "index out of bounds"` failed.
/pytorch/aten/src/ATen/native/cuda/IndexKernel.cu:94: operator(): block: [112,0,0], thread: [47,0,0] Assertion `-sizes[i] <= index && index < sizes[i] && "index out of bounds"` failed.
/pytorch/aten/src/ATen/native/cuda/IndexKernel.cu:94: operator(): block: [112,0,0], thread: [48,0,0] Assertion `-sizes[i] <= index && index < sizes[i] && "index out of bounds"` failed.
/pytorch/aten/src/ATen/native/cuda/IndexKernel.cu:94: operator(): block: [112,0,0], thread: [49,0,0] Assertion `-sizes[i] <= index && index < sizes[i] && "index out of bounds"` failed.
/pytorch/aten/src/ATen/native/cuda/IndexKernel.cu:94: operator(): block: [112,0,0], thread: [50,0,0] Assertion `-sizes[i] <= index && index < sizes[i] && "index out of bounds"` failed.
/pytorch/aten/src/ATen/native/cuda/IndexKernel.cu:94: operator(): block: [112,0,0], thread: [51,0,0] Assertion `-sizes[i] <= index && index < sizes[i] && "index out of bounds"` failed.
/pytorch/aten/src/ATen/native/cuda/IndexKernel.cu:94: operator(): block: [112,0,0], thread: [52,0,0] Assertion `-sizes[i] <= index && index < sizes[i] && "index out of bounds"` failed.
/pytorch/aten/src/ATen/native/cuda/IndexKernel.cu:94: operator(): block: [112,0,0], thread: [53,0,0] Assertion `-sizes[i] <= index && index < sizes[i] && "index out of bounds"` failed.
/pytorch/aten/src/ATen/native/cuda/IndexKernel.cu:94: operator(): block: [112,0,0], thread: [54,0,0] Assertion `-sizes[i] <= index && index < sizes[i] && "index out of bounds"` failed.
/pytorch/aten/src/ATen/native/cuda/IndexKernel.cu:94: operator(): block: [112,0,0], thread: [55,0,0] Assertion `-sizes[i] <= index && index < sizes[i] && "index out of bounds"` failed.
/pytorch/aten/src/ATen/native/cuda/IndexKernel.cu:94: operator(): block: [112,0,0], thread: [56,0,0] Assertion `-sizes[i] <= index && index < sizes[i] && "index out of bounds"` failed.
/pytorch/aten/src/ATen/native/cuda/IndexKernel.cu:94: operator(): block: [112,0,0], thread: [57,0,0] Assertion `-sizes[i] <= index && index < sizes[i] && "index out of bounds"` failed.
/pytorch/aten/src/ATen/native/cuda/IndexKernel.cu:94: operator(): block: [112,0,0], thread: [58,0,0] Assertion `-sizes[i] <= index && index < sizes[i] && "index out of bounds"` failed.
/pytorch/aten/src/ATen/native/cuda/IndexKernel.cu:94: operator(): block: [112,0,0], thread: [59,0,0] Assertion `-sizes[i] <= index && index < sizes[i] && "index out of bounds"` failed.
/pytorch/aten/src/ATen/native/cuda/IndexKernel.cu:94: operator(): block: [112,0,0], thread: [60,0,0] Assertion `-sizes[i] <= index && index < sizes[i] && "index out of bounds"` failed.
/pytorch/aten/src/ATen/native/cuda/IndexKernel.cu:94: operator(): block: [112,0,0], thread: [61,0,0] Assertion `-sizes[i] <= index && index < sizes[i] && "index out of bounds"` failed.
/pytorch/aten/src/ATen/native/cuda/IndexKernel.cu:94: operator(): block: [112,0,0], thread: [62,0,0] Assertion `-sizes[i] <= index && index < sizes[i] && "index out of bounds"` failed.
/pytorch/aten/src/ATen/native/cuda/IndexKernel.cu:94: operator(): block: [112,0,0], thread: [63,0,0] Assertion `-sizes[i] <= index && index < sizes[i] && "index out of bounds"` failed.
/pytorch/aten/src/ATen/native/cuda/IndexKernel.cu:94: operator(): block: [201,0,0], thread: [32,0,0] Assertion `-sizes[i] <= index && index < sizes[i] && "index out of bounds"` failed.
/pytorch/aten/src/ATen/native/cuda/IndexKernel.cu:94: operator(): block: [201,0,0], thread: [33,0,0] Assertion `-sizes[i] <= index && index < sizes[i] && "index out of bounds"` failed.
/pytorch/aten/src/ATen/native/cuda/IndexKernel.cu:94: operator(): block: [201,0,0], thread: [34,0,0] Assertion `-sizes[i] <= index && index < sizes[i] && "index out of bounds"` failed.
/pytorch/aten/src/ATen/native/cuda/IndexKernel.cu:94: operator(): block: [201,0,0], thread: [35,0,0] Assertion `-sizes[i] <= index && index < sizes[i] && "index out of bounds"` failed.
/pytorch/aten/src/ATen/native/cuda/IndexKernel.cu:94: operator(): block: [201,0,0], thread: [36,0,0] Assertion `-sizes[i] <= index && index < sizes[i] && "index out of bounds"` failed.
/pytorch/aten/src/ATen/native/cuda/IndexKernel.cu:94: operator(): block: [201,0,0], thread: [37,0,0] Assertion `-sizes[i] <= index && index < sizes[i] && "index out of bounds"` failed.
/pytorch/aten/src/ATen/native/cuda/IndexKernel.cu:94: operator(): block: [201,0,0], thread: [38,0,0] Assertion `-sizes[i] <= index && index < sizes[i] && "index out of bounds"` failed.
/pytorch/aten/src/ATen/native/cuda/IndexKernel.cu:94: operator(): block: [201,0,0], thread: [39,0,0] Assertion `-sizes[i] <= index && index < sizes[i] && "index out of bounds"` failed.
/pytorch/aten/src/ATen/native/cuda/IndexKernel.cu:94: operator(): block: [201,0,0], thread: [40,0,0] Assertion `-sizes[i] <= index && index < sizes[i] && "index out of bounds"` failed.
/pytorch/aten/src/ATen/native/cuda/IndexKernel.cu:94: operator(): block: [201,0,0], thread: [41,0,0] Assertion `-sizes[i] <= index && index < sizes[i] && "index out of bounds"` failed.
/pytorch/aten/src/ATen/native/cuda/IndexKernel.cu:94: operator(): block: [201,0,0], thread: [42,0,0] Assertion `-sizes[i] <= index && index < sizes[i] && "index out of bounds"` failed.
/pytorch/aten/src/ATen/native/cuda/IndexKernel.cu:94: operator(): block: [201,0,0], thread: [43,0,0] Assertion `-sizes[i] <= index && index < sizes[i] && "index out of bounds"` failed.
/pytorch/aten/src/ATen/native/cuda/IndexKernel.cu:94: operator(): block: [201,0,0], thread: [44,0,0] Assertion `-sizes[i] <= index && index < sizes[i] && "index out of bounds"` failed.
/pytorch/aten/src/ATen/native/cuda/IndexKernel.cu:94: operator(): block: [201,0,0], thread: [45,0,0] Assertion `-sizes[i] <= index && index < sizes[i] && "index out of bounds"` failed.
/pytorch/aten/src/ATen/native/cuda/IndexKernel.cu:94: operator(): block: [201,0,0], thread: [46,0,0] Assertion `-sizes[i] <= index && index < sizes[i] && "index out of bounds"` failed.
/pytorch/aten/src/ATen/native/cuda/IndexKernel.cu:94: operator(): block: [201,0,0], thread: [47,0,0] Assertion `-sizes[i] <= index && index < sizes[i] && "index out of bounds"` failed.
/pytorch/aten/src/ATen/native/cuda/IndexKernel.cu:94: operator(): block: [201,0,0], thread: [48,0,0] Assertion `-sizes[i] <= index && index < sizes[i] && "index out of bounds"` failed.
/pytorch/aten/src/ATen/native/cuda/IndexKernel.cu:94: operator(): block: [201,0,0], thread: [49,0,0] Assertion `-sizes[i] <= index && index < sizes[i] && "index out of bounds"` failed.
/pytorch/aten/src/ATen/native/cuda/IndexKernel.cu:94: operator(): block: [201,0,0], thread: [50,0,0] Assertion `-sizes[i] <= index && index < sizes[i] && "index out of bounds"` failed.
/pytorch/aten/src/ATen/native/cuda/IndexKernel.cu:94: operator(): block: [201,0,0], thread: [51,0,0] Assertion `-sizes[i] <= index && index < sizes[i] && "index out of bounds"` failed.
/pytorch/aten/src/ATen/native/cuda/IndexKernel.cu:94: operator(): block: [201,0,0], thread: [52,0,0] Assertion `-sizes[i] <= index && index < sizes[i] && "index out of bounds"` failed.
/pytorch/aten/src/ATen/native/cuda/IndexKernel.cu:94: operator(): block: [201,0,0], thread: [53,0,0] Assertion `-sizes[i] <= index && index < sizes[i] && "index out of bounds"` failed.
/pytorch/aten/src/ATen/native/cuda/IndexKernel.cu:94: operator(): block: [201,0,0], thread: [54,0,0] Assertion `-sizes[i] <= index && index < sizes[i] && "index out of bounds"` failed.
/pytorch/aten/src/ATen/native/cuda/IndexKernel.cu:94: operator(): block: [201,0,0], thread: [55,0,0] Assertion `-sizes[i] <= index && index < sizes[i] && "index out of bounds"` failed.
/pytorch/aten/src/ATen/native/cuda/IndexKernel.cu:94: operator(): block: [201,0,0], thread: [56,0,0] Assertion `-sizes[i] <= index && index < sizes[i] && "index out of bounds"` failed.
/pytorch/aten/src/ATen/native/cuda/IndexKernel.cu:94: operator(): block: [201,0,0], thread: [57,0,0] Assertion `-sizes[i] <= index && index < sizes[i] && "index out of bounds"` failed.
/pytorch/aten/src/ATen/native/cuda/IndexKernel.cu:94: operator(): block: [201,0,0], thread: [58,0,0] Assertion `-sizes[i] <= index && index < sizes[i] && "index out of bounds"` failed.
/pytorch/aten/src/ATen/native/cuda/IndexKernel.cu:94: operator(): block: [201,0,0], thread: [59,0,0] Assertion `-sizes[i] <= index && index < sizes[i] && "index out of bounds"` failed.
/pytorch/aten/src/ATen/native/cuda/IndexKernel.cu:94: operator(): block: [201,0,0], thread: [60,0,0] Assertion `-sizes[i] <= index && index < sizes[i] && "index out of bounds"` failed.
/pytorch/aten/src/ATen/native/cuda/IndexKernel.cu:94: operator(): block: [201,0,0], thread: [61,0,0] Assertion `-sizes[i] <= index && index < sizes[i] && "index out of bounds"` failed.
/pytorch/aten/src/ATen/native/cuda/IndexKernel.cu:94: operator(): block: [201,0,0], thread: [62,0,0] Assertion `-sizes[i] <= index && index < sizes[i] && "index out of bounds"` failed.
/pytorch/aten/src/ATen/native/cuda/IndexKernel.cu:94: operator(): block: [201,0,0], thread: [63,0,0] Assertion `-sizes[i] <= index && index < sizes[i] && "index out of bounds"` failed.
/pytorch/aten/src/ATen/native/cuda/IndexKernel.cu:94: operator(): block: [116,0,0], thread: [64,0,0] Assertion `-sizes[i] <= index && index < sizes[i] && "index out of bounds"` failed.
/pytorch/aten/src/ATen/native/cuda/IndexKernel.cu:94: operator(): block: [116,0,0], thread: [65,0,0] Assertion `-sizes[i] <= index && index < sizes[i] && "index out of bounds"` failed.
/pytorch/aten/src/ATen/native/cuda/IndexKernel.cu:94: operator(): block: [116,0,0], thread: [66,0,0] Assertion `-sizes[i] <= index && index < sizes[i] && "index out of bounds"` failed.
/pytorch/aten/src/ATen/native/cuda/IndexKernel.cu:94: operator(): block: [116,0,0], thread: [67,0,0] Assertion `-sizes[i] <= index && index < sizes[i] && "index out of bounds"` failed.
/pytorch/aten/src/ATen/native/cuda/IndexKernel.cu:94: operator(): block: [116,0,0], thread: [68,0,0] Assertion `-sizes[i] <= index && index < sizes[i] && "index out of bounds"` failed.
/pytorch/aten/src/ATen/native/cuda/IndexKernel.cu:94: operator(): block: [116,0,0], thread: [69,0,0] Assertion `-sizes[i] <= index && index < sizes[i] && "index out of bounds"` failed.
/pytorch/aten/src/ATen/native/cuda/IndexKernel.cu:94: operator(): block: [116,0,0], thread: [70,0,0] Assertion `-sizes[i] <= index && index < sizes[i] && "index out of bounds"` failed.
/pytorch/aten/src/ATen/native/cuda/IndexKernel.cu:94: operator(): block: [116,0,0], thread: [71,0,0] Assertion `-sizes[i] <= index && index < sizes[i] && "index out of bounds"` failed.
/pytorch/aten/src/ATen/native/cuda/IndexKernel.cu:94: operator(): block: [116,0,0], thread: [72,0,0] Assertion `-sizes[i] <= index && index < sizes[i] && "index out of bounds"` failed.
/pytorch/aten/src/ATen/native/cuda/IndexKernel.cu:94: operator(): block: [116,0,0], thread: [73,0,0] Assertion `-sizes[i] <= index && index < sizes[i] && "index out of bounds"` failed.
/pytorch/aten/src/ATen/native/cuda/IndexKernel.cu:94: operator(): block: [116,0,0], thread: [74,0,0] Assertion `-sizes[i] <= index && index < sizes[i] && "index out of bounds"` failed.
/pytorch/aten/src/ATen/native/cuda/IndexKernel.cu:94: operator(): block: [116,0,0], thread: [75,0,0] Assertion `-sizes[i] <= index && index < sizes[i] && "index out of bounds"` failed.
/pytorch/aten/src/ATen/native/cuda/IndexKernel.cu:94: operator(): block: [116,0,0], thread: [76,0,0] Assertion `-sizes[i] <= index && index < sizes[i] && "index out of bounds"` failed.
/pytorch/aten/src/ATen/native/cuda/IndexKernel.cu:94: operator(): block: [116,0,0], thread: [77,0,0] Assertion `-sizes[i] <= index && index < sizes[i] && "index out of bounds"` failed.
/pytorch/aten/src/ATen/native/cuda/IndexKernel.cu:94: operator(): block: [116,0,0], thread: [78,0,0] Assertion `-sizes[i] <= index && index < sizes[i] && "index out of bounds"` failed.
/pytorch/aten/src/ATen/native/cuda/IndexKernel.cu:94: operator(): block: [116,0,0], thread: [79,0,0] Assertion `-sizes[i] <= index && index < sizes[i] && "index out of bounds"` failed.
/pytorch/aten/src/ATen/native/cuda/IndexKernel.cu:94: operator(): block: [116,0,0], thread: [80,0,0] Assertion `-sizes[i] <= index && index < sizes[i] && "index out of bounds"` failed.
/pytorch/aten/src/ATen/native/cuda/IndexKernel.cu:94: operator(): block: [116,0,0], thread: [81,0,0] Assertion `-sizes[i] <= index && index < sizes[i] && "index out of bounds"` failed.
/pytorch/aten/src/ATen/native/cuda/IndexKernel.cu:94: operator(): block: [116,0,0], thread: [82,0,0] Assertion `-sizes[i] <= index && index < sizes[i] && "index out of bounds"` failed.
/pytorch/aten/src/ATen/native/cuda/IndexKernel.cu:94: operator(): block: [116,0,0], thread: [83,0,0] Assertion `-sizes[i] <= index && index < sizes[i] && "index out of bounds"` failed.
/pytorch/aten/src/ATen/native/cuda/IndexKernel.cu:94: operator(): block: [116,0,0], thread: [84,0,0] Assertion `-sizes[i] <= index && index < sizes[i] && "index out of bounds"` failed.
/pytorch/aten/src/ATen/native/cuda/IndexKernel.cu:94: operator(): block: [116,0,0], thread: [85,0,0] Assertion `-sizes[i] <= index && index < sizes[i] && "index out of bounds"` failed.
/pytorch/aten/src/ATen/native/cuda/IndexKernel.cu:94: operator(): block: [116,0,0], thread: [86,0,0] Assertion `-sizes[i] <= index && index < sizes[i] && "index out of bounds"` failed.
/pytorch/aten/src/ATen/native/cuda/IndexKernel.cu:94: operator(): block: [116,0,0], thread: [87,0,0] Assertion `-sizes[i] <= index && index < sizes[i] && "index out of bounds"` failed.
/pytorch/aten/src/ATen/native/cuda/IndexKernel.cu:94: operator(): block: [116,0,0], thread: [88,0,0] Assertion `-sizes[i] <= index && index < sizes[i] && "index out of bounds"` failed.
/pytorch/aten/src/ATen/native/cuda/IndexKernel.cu:94: operator(): block: [116,0,0], thread: [89,0,0] Assertion `-sizes[i] <= index && index < sizes[i] && "index out of bounds"` failed.
/pytorch/aten/src/ATen/native/cuda/IndexKernel.cu:94: operator(): block: [116,0,0], thread: [90,0,0] Assertion `-sizes[i] <= index && index < sizes[i] && "index out of bounds"` failed.
/pytorch/aten/src/ATen/native/cuda/IndexKernel.cu:94: operator(): block: [116,0,0], thread: [91,0,0] Assertion `-sizes[i] <= index && index < sizes[i] && "index out of bounds"` failed.
/pytorch/aten/src/ATen/native/cuda/IndexKernel.cu:94: operator(): block: [116,0,0], thread: [92,0,0] Assertion `-sizes[i] <= index && index < sizes[i] && "index out of bounds"` failed.
/pytorch/aten/src/ATen/native/cuda/IndexKernel.cu:94: operator(): block: [116,0,0], thread: [93,0,0] Assertion `-sizes[i] <= index && index < sizes[i] && "index out of bounds"` failed.
/pytorch/aten/src/ATen/native/cuda/IndexKernel.cu:94: operator(): block: [116,0,0], thread: [94,0,0] Assertion `-sizes[i] <= index && index < sizes[i] && "index out of bounds"` failed.
/pytorch/aten/src/ATen/native/cuda/IndexKernel.cu:94: operator(): block: [116,0,0], thread: [95,0,0] Assertion `-sizes[i] <= index && index < sizes[i] && "index out of bounds"` failed.
/pytorch/aten/src/ATen/native/cuda/IndexKernel.cu:94: operator(): block: [133,0,0], thread: [64,0,0] Assertion `-sizes[i] <= index && index < sizes[i] && "index out of bounds"` failed.
/pytorch/aten/src/ATen/native/cuda/IndexKernel.cu:94: operator(): block: [133,0,0], thread: [65,0,0] Assertion `-sizes[i] <= index && index < sizes[i] && "index out of bounds"` failed.
/pytorch/aten/src/ATen/native/cuda/IndexKernel.cu:94: operator(): block: [133,0,0], thread: [66,0,0] Assertion `-sizes[i] <= index && index < sizes[i] && "index out of bounds"` failed.
/pytorch/aten/src/ATen/native/cuda/IndexKernel.cu:94: operator(): block: [133,0,0], thread: [67,0,0] Assertion `-sizes[i] <= index && index < sizes[i] && "index out of bounds"` failed.
/pytorch/aten/src/ATen/native/cuda/IndexKernel.cu:94: operator(): block: [133,0,0], thread: [68,0,0] Assertion `-sizes[i] <= index && index < sizes[i] && "index out of bounds"` failed.
/pytorch/aten/src/ATen/native/cuda/IndexKernel.cu:94: operator(): block: [133,0,0], thread: [69,0,0] Assertion `-sizes[i] <= index && index < sizes[i] && "index out of bounds"` failed.
/pytorch/aten/src/ATen/native/cuda/IndexKernel.cu:94: operator(): block: [133,0,0], thread: [70,0,0] Assertion `-sizes[i] <= index && index < sizes[i] && "index out of bounds"` failed.
/pytorch/aten/src/ATen/native/cuda/IndexKernel.cu:94: operator(): block: [133,0,0], thread: [71,0,0] Assertion `-sizes[i] <= index && index < sizes[i] && "index out of bounds"` failed.
/pytorch/aten/src/ATen/native/cuda/IndexKernel.cu:94: operator(): block: [133,0,0], thread: [72,0,0] Assertion `-sizes[i] <= index && index < sizes[i] && "index out of bounds"` failed.
/pytorch/aten/src/ATen/native/cuda/IndexKernel.cu:94: operator(): block: [133,0,0], thread: [73,0,0] Assertion `-sizes[i] <= index && index < sizes[i] && "index out of bounds"` failed.
/pytorch/aten/src/ATen/native/cuda/IndexKernel.cu:94: operator(): block: [133,0,0], thread: [74,0,0] Assertion `-sizes[i] <= index && index < sizes[i] && "index out of bounds"` failed.
/pytorch/aten/src/ATen/native/cuda/IndexKernel.cu:94: operator(): block: [133,0,0], thread: [75,0,0] Assertion `-sizes[i] <= index && index < sizes[i] && "index out of bounds"` failed.
/pytorch/aten/src/ATen/native/cuda/IndexKernel.cu:94: operator(): block: [133,0,0], thread: [76,0,0] Assertion `-sizes[i] <= index && index < sizes[i] && "index out of bounds"` failed.
/pytorch/aten/src/ATen/native/cuda/IndexKernel.cu:94: operator(): block: [133,0,0], thread: [77,0,0] Assertion `-sizes[i] <= index && index < sizes[i] && "index out of bounds"` failed.
/pytorch/aten/src/ATen/native/cuda/IndexKernel.cu:94: operator(): block: [133,0,0], thread: [78,0,0] Assertion `-sizes[i] <= index && index < sizes[i] && "index out of bounds"` failed.
/pytorch/aten/src/ATen/native/cuda/IndexKernel.cu:94: operator(): block: [133,0,0], thread: [79,0,0] Assertion `-sizes[i] <= index && index < sizes[i] && "index out of bounds"` failed.
/pytorch/aten/src/ATen/native/cuda/IndexKernel.cu:94: operator(): block: [133,0,0], thread: [80,0,0] Assertion `-sizes[i] <= index && index < sizes[i] && "index out of bounds"` failed.
/pytorch/aten/src/ATen/native/cuda/IndexKernel.cu:94: operator(): block: [133,0,0], thread: [81,0,0] Assertion `-sizes[i] <= index && index < sizes[i] && "index out of bounds"` failed.
/pytorch/aten/src/ATen/native/cuda/IndexKernel.cu:94: operator(): block: [133,0,0], thread: [82,0,0] Assertion `-sizes[i] <= index && index < sizes[i] && "index out of bounds"` failed.
/pytorch/aten/src/ATen/native/cuda/IndexKernel.cu:94: operator(): block: [133,0,0], thread: [83,0,0] Assertion `-sizes[i] <= index && index < sizes[i] && "index out of bounds"` failed.
/pytorch/aten/src/ATen/native/cuda/IndexKernel.cu:94: operator(): block: [133,0,0], thread: [84,0,0] Assertion `-sizes[i] <= index && index < sizes[i] && "index out of bounds"` failed.
/pytorch/aten/src/ATen/native/cuda/IndexKernel.cu:94: operator(): block: [133,0,0], thread: [85,0,0] Assertion `-sizes[i] <= index && index < sizes[i] && "index out of bounds"` failed.
/pytorch/aten/src/ATen/native/cuda/IndexKernel.cu:94: operator(): block: [133,0,0], thread: [86,0,0] Assertion `-sizes[i] <= index && index < sizes[i] && "index out of bounds"` failed.
/pytorch/aten/src/ATen/native/cuda/IndexKernel.cu:94: operator(): block: [133,0,0], thread: [87,0,0] Assertion `-sizes[i] <= index && index < sizes[i] && "index out of bounds"` failed.
/pytorch/aten/src/ATen/native/cuda/IndexKernel.cu:94: operator(): block: [133,0,0], thread: [88,0,0] Assertion `-sizes[i] <= index && index < sizes[i] && "index out of bounds"` failed.
/pytorch/aten/src/ATen/native/cuda/IndexKernel.cu:94: operator(): block: [133,0,0], thread: [89,0,0] Assertion `-sizes[i] <= index && index < sizes[i] && "index out of bounds"` failed.
/pytorch/aten/src/ATen/native/cuda/IndexKernel.cu:94: operator(): block: [133,0,0], thread: [90,0,0] Assertion `-sizes[i] <= index && index < sizes[i] && "index out of bounds"` failed.
/pytorch/aten/src/ATen/native/cuda/IndexKernel.cu:94: operator(): block: [133,0,0], thread: [91,0,0] Assertion `-sizes[i] <= index && index < sizes[i] && "index out of bounds"` failed.
/pytorch/aten/src/ATen/native/cuda/IndexKernel.cu:94: operator(): block: [133,0,0], thread: [92,0,0] Assertion `-sizes[i] <= index && index < sizes[i] && "index out of bounds"` failed.
/pytorch/aten/src/ATen/native/cuda/IndexKernel.cu:94: operator(): block: [133,0,0], thread: [93,0,0] Assertion `-sizes[i] <= index && index < sizes[i] && "index out of bounds"` failed.
/pytorch/aten/src/ATen/native/cuda/IndexKernel.cu:94: operator(): block: [133,0,0], thread: [94,0,0] Assertion `-sizes[i] <= index && index < sizes[i] && "index out of bounds"` failed.
/pytorch/aten/src/ATen/native/cuda/IndexKernel.cu:94: operator(): block: [133,0,0], thread: [95,0,0] Assertion `-sizes[i] <= index && index < sizes[i] && "index out of bounds"` failed.
/pytorch/aten/src/ATen/native/cuda/IndexKernel.cu:94: operator(): block: [126,0,0], thread: [96,0,0] Assertion `-sizes[i] <= index && index < sizes[i] && "index out of bounds"` failed.
/pytorch/aten/src/ATen/native/cuda/IndexKernel.cu:94: operator(): block: [126,0,0], thread: [97,0,0] Assertion `-sizes[i] <= index && index < sizes[i] && "index out of bounds"` failed.
/pytorch/aten/src/ATen/native/cuda/IndexKernel.cu:94: operator(): block: [126,0,0], thread: [98,0,0] Assertion `-sizes[i] <= index && index < sizes[i] && "index out of bounds"` failed.
/pytorch/aten/src/ATen/native/cuda/IndexKernel.cu:94: operator(): block: [126,0,0], thread: [99,0,0] Assertion `-sizes[i] <= index && index < sizes[i] && "index out of bounds"` failed.
/pytorch/aten/src/ATen/native/cuda/IndexKernel.cu:94: operator(): block: [126,0,0], thread: [100,0,0] Assertion `-sizes[i] <= index && index < sizes[i] && "index out of bounds"` failed.
/pytorch/aten/src/ATen/native/cuda/IndexKernel.cu:94: operator(): block: [126,0,0], thread: [101,0,0] Assertion `-sizes[i] <= index && index < sizes[i] && "index out of bounds"` failed.
/pytorch/aten/src/ATen/native/cuda/IndexKernel.cu:94: operator(): block: [126,0,0], thread: [102,0,0] Assertion `-sizes[i] <= index && index < sizes[i] && "index out of bounds"` failed.
/pytorch/aten/src/ATen/native/cuda/IndexKernel.cu:94: operator(): block: [126,0,0], thread: [103,0,0] Assertion `-sizes[i] <= index && index < sizes[i] && "index out of bounds"` failed.
/pytorch/aten/src/ATen/native/cuda/IndexKernel.cu:94: operator(): block: [126,0,0], thread: [104,0,0] Assertion `-sizes[i] <= index && index < sizes[i] && "index out of bounds"` failed.
/pytorch/aten/src/ATen/native/cuda/IndexKernel.cu:94: operator(): block: [126,0,0], thread: [105,0,0] Assertion `-sizes[i] <= index && index < sizes[i] && "index out of bounds"` failed.
/pytorch/aten/src/ATen/native/cuda/IndexKernel.cu:94: operator(): block: [126,0,0], thread: [106,0,0] Assertion `-sizes[i] <= index && index < sizes[i] && "index out of bounds"` failed.
/pytorch/aten/src/ATen/native/cuda/IndexKernel.cu:94: operator(): block: [126,0,0], thread: [107,0,0] Assertion `-sizes[i] <= index && index < sizes[i] && "index out of bounds"` failed.
/pytorch/aten/src/ATen/native/cuda/IndexKernel.cu:94: operator(): block: [126,0,0], thread: [108,0,0] Assertion `-sizes[i] <= index && index < sizes[i] && "index out of bounds"` failed.
/pytorch/aten/src/ATen/native/cuda/IndexKernel.cu:94: operator(): block: [126,0,0], thread: [109,0,0] Assertion `-sizes[i] <= index && index < sizes[i] && "index out of bounds"` failed.
/pytorch/aten/src/ATen/native/cuda/IndexKernel.cu:94: operator(): block: [126,0,0], thread: [110,0,0] Assertion `-sizes[i] <= index && index < sizes[i] && "index out of bounds"` failed.
/pytorch/aten/src/ATen/native/cuda/IndexKernel.cu:94: operator(): block: [126,0,0], thread: [111,0,0] Assertion `-sizes[i] <= index && index < sizes[i] && "index out of bounds"` failed.
/pytorch/aten/src/ATen/native/cuda/IndexKernel.cu:94: operator(): block: [126,0,0], thread: [112,0,0] Assertion `-sizes[i] <= index && index < sizes[i] && "index out of bounds"` failed.
/pytorch/aten/src/ATen/native/cuda/IndexKernel.cu:94: operator(): block: [126,0,0], thread: [113,0,0] Assertion `-sizes[i] <= index && index < sizes[i] && "index out of bounds"` failed.
/pytorch/aten/src/ATen/native/cuda/IndexKernel.cu:94: operator(): block: [126,0,0], thread: [114,0,0] Assertion `-sizes[i] <= index && index < sizes[i] && "index out of bounds"` failed.
/pytorch/aten/src/ATen/native/cuda/IndexKernel.cu:94: operator(): block: [126,0,0], thread: [115,0,0] Assertion `-sizes[i] <= index && index < sizes[i] && "index out of bounds"` failed.
/pytorch/aten/src/ATen/native/cuda/IndexKernel.cu:94: operator(): block: [126,0,0], thread: [116,0,0] Assertion `-sizes[i] <= index && index < sizes[i] && "index out of bounds"` failed.
/pytorch/aten/src/ATen/native/cuda/IndexKernel.cu:94: operator(): block: [126,0,0], thread: [117,0,0] Assertion `-sizes[i] <= index && index < sizes[i] && "index out of bounds"` failed.
/pytorch/aten/src/ATen/native/cuda/IndexKernel.cu:94: operator(): block: [126,0,0], thread: [118,0,0] Assertion `-sizes[i] <= index && index < sizes[i] && "index out of bounds"` failed.
/pytorch/aten/src/ATen/native/cuda/IndexKernel.cu:94: operator(): block: [126,0,0], thread: [119,0,0] Assertion `-sizes[i] <= index && index < sizes[i] && "index out of bounds"` failed.
/pytorch/aten/src/ATen/native/cuda/IndexKernel.cu:94: operator(): block: [126,0,0], thread: [120,0,0] Assertion `-sizes[i] <= index && index < sizes[i] && "index out of bounds"` failed.
/pytorch/aten/src/ATen/native/cuda/IndexKernel.cu:94: operator(): block: [126,0,0], thread: [121,0,0] Assertion `-sizes[i] <= index && index < sizes[i] && "index out of bounds"` failed.
/pytorch/aten/src/ATen/native/cuda/IndexKernel.cu:94: operator(): block: [126,0,0], thread: [122,0,0] Assertion `-sizes[i] <= index && index < sizes[i] && "index out of bounds"` failed.
/pytorch/aten/src/ATen/native/cuda/IndexKernel.cu:94: operator(): block: [126,0,0], thread: [123,0,0] Assertion `-sizes[i] <= index && index < sizes[i] && "index out of bounds"` failed.
/pytorch/aten/src/ATen/native/cuda/IndexKernel.cu:94: operator(): block: [126,0,0], thread: [124,0,0] Assertion `-sizes[i] <= index && index < sizes[i] && "index out of bounds"` failed.
/pytorch/aten/src/ATen/native/cuda/IndexKernel.cu:94: operator(): block: [126,0,0], thread: [125,0,0] Assertion `-sizes[i] <= index && index < sizes[i] && "index out of bounds"` failed.
/pytorch/aten/src/ATen/native/cuda/IndexKernel.cu:94: operator(): block: [126,0,0], thread: [126,0,0] Assertion `-sizes[i] <= index && index < sizes[i] && "index out of bounds"` failed.
/pytorch/aten/src/ATen/native/cuda/IndexKernel.cu:94: operator(): block: [126,0,0], thread: [127,0,0] Assertion `-sizes[i] <= index && index < sizes[i] && "index out of bounds"` failed.
/pytorch/aten/src/ATen/native/cuda/IndexKernel.cu:94: operator(): block: [86,0,0], thread: [64,0,0] Assertion `-sizes[i] <= index && index < sizes[i] && "index out of bounds"` failed.
/pytorch/aten/src/ATen/native/cuda/IndexKernel.cu:94: operator(): block: [86,0,0], thread: [65,0,0] Assertion `-sizes[i] <= index && index < sizes[i] && "index out of bounds"` failed.
/pytorch/aten/src/ATen/native/cuda/IndexKernel.cu:94: operator(): block: [86,0,0], thread: [66,0,0] Assertion `-sizes[i] <= index && index < sizes[i] && "index out of bounds"` failed.
/pytorch/aten/src/ATen/native/cuda/IndexKernel.cu:94: operator(): block: [86,0,0], thread: [67,0,0] Assertion `-sizes[i] <= index && index < sizes[i] && "index out of bounds"` failed.
/pytorch/aten/src/ATen/native/cuda/IndexKernel.cu:94: operator(): block: [86,0,0], thread: [68,0,0] Assertion `-sizes[i] <= index && index < sizes[i] && "index out of bounds"` failed.
/pytorch/aten/src/ATen/native/cuda/IndexKernel.cu:94: operator(): block: [86,0,0], thread: [69,0,0] Assertion `-sizes[i] <= index && index < sizes[i] && "index out of bounds"` failed.
/pytorch/aten/src/ATen/native/cuda/IndexKernel.cu:94: operator(): block: [86,0,0], thread: [70,0,0] Assertion `-sizes[i] <= index && index < sizes[i] && "index out of bounds"` failed.
/pytorch/aten/src/ATen/native/cuda/IndexKernel.cu:94: operator(): block: [86,0,0], thread: [71,0,0] Assertion `-sizes[i] <= index && index < sizes[i] && "index out of bounds"` failed.
/pytorch/aten/src/ATen/native/cuda/IndexKernel.cu:94: operator(): block: [86,0,0], thread: [72,0,0] Assertion `-sizes[i] <= index && index < sizes[i] && "index out of bounds"` failed.
/pytorch/aten/src/ATen/native/cuda/IndexKernel.cu:94: operator(): block: [86,0,0], thread: [73,0,0] Assertion `-sizes[i] <= index && index < sizes[i] && "index out of bounds"` failed.
/pytorch/aten/src/ATen/native/cuda/IndexKernel.cu:94: operator(): block: [86,0,0], thread: [74,0,0] Assertion `-sizes[i] <= index && index < sizes[i] && "index out of bounds"` failed.
/pytorch/aten/src/ATen/native/cuda/IndexKernel.cu:94: operator(): block: [86,0,0], thread: [75,0,0] Assertion `-sizes[i] <= index && index < sizes[i] && "index out of bounds"` failed.
/pytorch/aten/src/ATen/native/cuda/IndexKernel.cu:94: operator(): block: [86,0,0], thread: [76,0,0] Assertion `-sizes[i] <= index && index < sizes[i] && "index out of bounds"` failed.
/pytorch/aten/src/ATen/native/cuda/IndexKernel.cu:94: operator(): block: [86,0,0], thread: [77,0,0] Assertion `-sizes[i] <= index && index < sizes[i] && "index out of bounds"` failed.
/pytorch/aten/src/ATen/native/cuda/IndexKernel.cu:94: operator(): block: [86,0,0], thread: [78,0,0] Assertion `-sizes[i] <= index && index < sizes[i] && "index out of bounds"` failed.
/pytorch/aten/src/ATen/native/cuda/IndexKernel.cu:94: operator(): block: [86,0,0], thread: [79,0,0] Assertion `-sizes[i] <= index && index < sizes[i] && "index out of bounds"` failed.
/pytorch/aten/src/ATen/native/cuda/IndexKernel.cu:94: operator(): block: [86,0,0], thread: [80,0,0] Assertion `-sizes[i] <= index && index < sizes[i] && "index out of bounds"` failed.
/pytorch/aten/src/ATen/native/cuda/IndexKernel.cu:94: operator(): block: [86,0,0], thread: [81,0,0] Assertion `-sizes[i] <= index && index < sizes[i] && "index out of bounds"` failed.
/pytorch/aten/src/ATen/native/cuda/IndexKernel.cu:94: operator(): block: [86,0,0], thread: [82,0,0] Assertion `-sizes[i] <= index && index < sizes[i] && "index out of bounds"` failed.
/pytorch/aten/src/ATen/native/cuda/IndexKernel.cu:94: operator(): block: [86,0,0], thread: [83,0,0] Assertion `-sizes[i] <= index && index < sizes[i] && "index out of bounds"` failed.
/pytorch/aten/src/ATen/native/cuda/IndexKernel.cu:94: operator(): block: [86,0,0], thread: [84,0,0] Assertion `-sizes[i] <= index && index < sizes[i] && "index out of bounds"` failed.
/pytorch/aten/src/ATen/native/cuda/IndexKernel.cu:94: operator(): block: [86,0,0], thread: [85,0,0] Assertion `-sizes[i] <= index && index < sizes[i] && "index out of bounds"` failed.
/pytorch/aten/src/ATen/native/cuda/IndexKernel.cu:94: operator(): block: [86,0,0], thread: [86,0,0] Assertion `-sizes[i] <= index && index < sizes[i] && "index out of bounds"` failed.
/pytorch/aten/src/ATen/native/cuda/IndexKernel.cu:94: operator(): block: [86,0,0], thread: [87,0,0] Assertion `-sizes[i] <= index && index < sizes[i] && "index out of bounds"` failed.
/pytorch/aten/src/ATen/native/cuda/IndexKernel.cu:94: operator(): block: [86,0,0], thread: [88,0,0] Assertion `-sizes[i] <= index && index < sizes[i] && "index out of bounds"` failed.
/pytorch/aten/src/ATen/native/cuda/IndexKernel.cu:94: operator(): block: [86,0,0], thread: [89,0,0] Assertion `-sizes[i] <= index && index < sizes[i] && "index out of bounds"` failed.
/pytorch/aten/src/ATen/native/cuda/IndexKernel.cu:94: operator(): block: [86,0,0], thread: [90,0,0] Assertion `-sizes[i] <= index && index < sizes[i] && "index out of bounds"` failed.
/pytorch/aten/src/ATen/native/cuda/IndexKernel.cu:94: operator(): block: [86,0,0], thread: [91,0,0] Assertion `-sizes[i] <= index && index < sizes[i] && "index out of bounds"` failed.
/pytorch/aten/src/ATen/native/cuda/IndexKernel.cu:94: operator(): block: [86,0,0], thread: [92,0,0] Assertion `-sizes[i] <= index && index < sizes[i] && "index out of bounds"` failed.
/pytorch/aten/src/ATen/native/cuda/IndexKernel.cu:94: operator(): block: [86,0,0], thread: [93,0,0] Assertion `-sizes[i] <= index && index < sizes[i] && "index out of bounds"` failed.
/pytorch/aten/src/ATen/native/cuda/IndexKernel.cu:94: operator(): block: [86,0,0], thread: [94,0,0] Assertion `-sizes[i] <= index && index < sizes[i] && "index out of bounds"` failed.
/pytorch/aten/src/ATen/native/cuda/IndexKernel.cu:94: operator(): block: [86,0,0], thread: [95,0,0] Assertion `-sizes[i] <= index && index < sizes[i] && "index out of bounds"` failed.
/pytorch/aten/src/ATen/native/cuda/IndexKernel.cu:94: operator(): block: [31,0,0], thread: [0,0,0] Assertion `-sizes[i] <= index && index < sizes[i] && "index out of bounds"` failed.
/pytorch/aten/src/ATen/native/cuda/IndexKernel.cu:94: operator(): block: [31,0,0], thread: [1,0,0] Assertion `-sizes[i] <= index && index < sizes[i] && "index out of bounds"` failed.
/pytorch/aten/src/ATen/native/cuda/IndexKernel.cu:94: operator(): block: [31,0,0], thread: [2,0,0] Assertion `-sizes[i] <= index && index < sizes[i] && "index out of bounds"` failed.
/pytorch/aten/src/ATen/native/cuda/IndexKernel.cu:94: operator(): block: [31,0,0], thread: [3,0,0] Assertion `-sizes[i] <= index && index < sizes[i] && "index out of bounds"` failed.
/pytorch/aten/src/ATen/native/cuda/IndexKernel.cu:94: operator(): block: [31,0,0], thread: [4,0,0] Assertion `-sizes[i] <= index && index < sizes[i] && "index out of bounds"` failed.
/pytorch/aten/src/ATen/native/cuda/IndexKernel.cu:94: operator(): block: [31,0,0], thread: [5,0,0] Assertion `-sizes[i] <= index && index < sizes[i] && "index out of bounds"` failed.
/pytorch/aten/src/ATen/native/cuda/IndexKernel.cu:94: operator(): block: [31,0,0], thread: [6,0,0] Assertion `-sizes[i] <= index && index < sizes[i] && "index out of bounds"` failed.
/pytorch/aten/src/ATen/native/cuda/IndexKernel.cu:94: operator(): block: [31,0,0], thread: [7,0,0] Assertion `-sizes[i] <= index && index < sizes[i] && "index out of bounds"` failed.
/pytorch/aten/src/ATen/native/cuda/IndexKernel.cu:94: operator(): block: [31,0,0], thread: [8,0,0] Assertion `-sizes[i] <= index && index < sizes[i] && "index out of bounds"` failed.
/pytorch/aten/src/ATen/native/cuda/IndexKernel.cu:94: operator(): block: [31,0,0], thread: [9,0,0] Assertion `-sizes[i] <= index && index < sizes[i] && "index out of bounds"` failed.
/pytorch/aten/src/ATen/native/cuda/IndexKernel.cu:94: operator(): block: [31,0,0], thread: [10,0,0] Assertion `-sizes[i] <= index && index < sizes[i] && "index out of bounds"` failed.
/pytorch/aten/src/ATen/native/cuda/IndexKernel.cu:94: operator(): block: [31,0,0], thread: [11,0,0] Assertion `-sizes[i] <= index && index < sizes[i] && "index out of bounds"` failed.
/pytorch/aten/src/ATen/native/cuda/IndexKernel.cu:94: operator(): block: [31,0,0], thread: [12,0,0] Assertion `-sizes[i] <= index && index < sizes[i] && "index out of bounds"` failed.
/pytorch/aten/src/ATen/native/cuda/IndexKernel.cu:94: operator(): block: [31,0,0], thread: [13,0,0] Assertion `-sizes[i] <= index && index < sizes[i] && "index out of bounds"` failed.
/pytorch/aten/src/ATen/native/cuda/IndexKernel.cu:94: operator(): block: [31,0,0], thread: [14,0,0] Assertion `-sizes[i] <= index && index < sizes[i] && "index out of bounds"` failed.
/pytorch/aten/src/ATen/native/cuda/IndexKernel.cu:94: operator(): block: [31,0,0], thread: [15,0,0] Assertion `-sizes[i] <= index && index < sizes[i] && "index out of bounds"` failed.
/pytorch/aten/src/ATen/native/cuda/IndexKernel.cu:94: operator(): block: [31,0,0], thread: [16,0,0] Assertion `-sizes[i] <= index && index < sizes[i] && "index out of bounds"` failed.
/pytorch/aten/src/ATen/native/cuda/IndexKernel.cu:94: operator(): block: [31,0,0], thread: [17,0,0] Assertion `-sizes[i] <= index && index < sizes[i] && "index out of bounds"` failed.
/pytorch/aten/src/ATen/native/cuda/IndexKernel.cu:94: operator(): block: [31,0,0], thread: [18,0,0] Assertion `-sizes[i] <= index && index < sizes[i] && "index out of bounds"` failed.
/pytorch/aten/src/ATen/native/cuda/IndexKernel.cu:94: operator(): block: [31,0,0], thread: [19,0,0] Assertion `-sizes[i] <= index && index < sizes[i] && "index out of bounds"` failed.
/pytorch/aten/src/ATen/native/cuda/IndexKernel.cu:94: operator(): block: [31,0,0], thread: [20,0,0] Assertion `-sizes[i] <= index && index < sizes[i] && "index out of bounds"` failed.
/pytorch/aten/src/ATen/native/cuda/IndexKernel.cu:94: operator(): block: [31,0,0], thread: [21,0,0] Assertion `-sizes[i] <= index && index < sizes[i] && "index out of bounds"` failed.
/pytorch/aten/src/ATen/native/cuda/IndexKernel.cu:94: operator(): block: [31,0,0], thread: [22,0,0] Assertion `-sizes[i] <= index && index < sizes[i] && "index out of bounds"` failed.
/pytorch/aten/src/ATen/native/cuda/IndexKernel.cu:94: operator(): block: [31,0,0], thread: [23,0,0] Assertion `-sizes[i] <= index && index < sizes[i] && "index out of bounds"` failed.
/pytorch/aten/src/ATen/native/cuda/IndexKernel.cu:94: operator(): block: [31,0,0], thread: [24,0,0] Assertion `-sizes[i] <= index && index < sizes[i] && "index out of bounds"` failed.
/pytorch/aten/src/ATen/native/cuda/IndexKernel.cu:94: operator(): block: [31,0,0], thread: [25,0,0] Assertion `-sizes[i] <= index && index < sizes[i] && "index out of bounds"` failed.
/pytorch/aten/src/ATen/native/cuda/IndexKernel.cu:94: operator(): block: [31,0,0], thread: [26,0,0] Assertion `-sizes[i] <= index && index < sizes[i] && "index out of bounds"` failed.
/pytorch/aten/src/ATen/native/cuda/IndexKernel.cu:94: operator(): block: [31,0,0], thread: [27,0,0] Assertion `-sizes[i] <= index && index < sizes[i] && "index out of bounds"` failed.
/pytorch/aten/src/ATen/native/cuda/IndexKernel.cu:94: operator(): block: [31,0,0], thread: [28,0,0] Assertion `-sizes[i] <= index && index < sizes[i] && "index out of bounds"` failed.
/pytorch/aten/src/ATen/native/cuda/IndexKernel.cu:94: operator(): block: [31,0,0], thread: [29,0,0] Assertion `-sizes[i] <= index && index < sizes[i] && "index out of bounds"` failed.
/pytorch/aten/src/ATen/native/cuda/IndexKernel.cu:94: operator(): block: [31,0,0], thread: [30,0,0] Assertion `-sizes[i] <= index && index < sizes[i] && "index out of bounds"` failed.
/pytorch/aten/src/ATen/native/cuda/IndexKernel.cu:94: operator(): block: [31,0,0], thread: [31,0,0] Assertion `-sizes[i] <= index && index < sizes[i] && "index out of bounds"` failed.
/pytorch/aten/src/ATen/native/cuda/IndexKernel.cu:94: operator(): block: [139,0,0], thread: [64,0,0] Assertion `-sizes[i] <= index && index < sizes[i] && "index out of bounds"` failed.
/pytorch/aten/src/ATen/native/cuda/IndexKernel.cu:94: operator(): block: [139,0,0], thread: [65,0,0] Assertion `-sizes[i] <= index && index < sizes[i] && "index out of bounds"` failed.
/pytorch/aten/src/ATen/native/cuda/IndexKernel.cu:94: operator(): block: [139,0,0], thread: [66,0,0] Assertion `-sizes[i] <= index && index < sizes[i] && "index out of bounds"` failed.
/pytorch/aten/src/ATen/native/cuda/IndexKernel.cu:94: operator(): block: [139,0,0], thread: [67,0,0] Assertion `-sizes[i] <= index && index < sizes[i] && "index out of bounds"` failed.
/pytorch/aten/src/ATen/native/cuda/IndexKernel.cu:94: operator(): block: [139,0,0], thread: [68,0,0] Assertion `-sizes[i] <= index && index < sizes[i] && "index out of bounds"` failed.
/pytorch/aten/src/ATen/native/cuda/IndexKernel.cu:94: operator(): block: [139,0,0], thread: [69,0,0] Assertion `-sizes[i] <= index && index < sizes[i] && "index out of bounds"` failed.
/pytorch/aten/src/ATen/native/cuda/IndexKernel.cu:94: operator(): block: [139,0,0], thread: [70,0,0] Assertion `-sizes[i] <= index && index < sizes[i] && "index out of bounds"` failed.
/pytorch/aten/src/ATen/native/cuda/IndexKernel.cu:94: operator(): block: [139,0,0], thread: [71,0,0] Assertion `-sizes[i] <= index && index < sizes[i] && "index out of bounds"` failed.
/pytorch/aten/src/ATen/native/cuda/IndexKernel.cu:94: operator(): block: [139,0,0], thread: [72,0,0] Assertion `-sizes[i] <= index && index < sizes[i] && "index out of bounds"` failed.
/pytorch/aten/src/ATen/native/cuda/IndexKernel.cu:94: operator(): block: [139,0,0], thread: [73,0,0] Assertion `-sizes[i] <= index && index < sizes[i] && "index out of bounds"` failed.
/pytorch/aten/src/ATen/native/cuda/IndexKernel.cu:94: operator(): block: [139,0,0], thread: [74,0,0] Assertion `-sizes[i] <= index && index < sizes[i] && "index out of bounds"` failed.
/pytorch/aten/src/ATen/native/cuda/IndexKernel.cu:94: operator(): block: [139,0,0], thread: [75,0,0] Assertion `-sizes[i] <= index && index < sizes[i] && "index out of bounds"` failed.
/pytorch/aten/src/ATen/native/cuda/IndexKernel.cu:94: operator(): block: [139,0,0], thread: [76,0,0] Assertion `-sizes[i] <= index && index < sizes[i] && "index out of bounds"` failed.
/pytorch/aten/src/ATen/native/cuda/IndexKernel.cu:94: operator(): block: [139,0,0], thread: [77,0,0] Assertion `-sizes[i] <= index && index < sizes[i] && "index out of bounds"` failed.
/pytorch/aten/src/ATen/native/cuda/IndexKernel.cu:94: operator(): block: [139,0,0], thread: [78,0,0] Assertion `-sizes[i] <= index && index < sizes[i] && "index out of bounds"` failed.
/pytorch/aten/src/ATen/native/cuda/IndexKernel.cu:94: operator(): block: [139,0,0], thread: [79,0,0] Assertion `-sizes[i] <= index && index < sizes[i] && "index out of bounds"` failed.
/pytorch/aten/src/ATen/native/cuda/IndexKernel.cu:94: operator(): block: [139,0,0], thread: [80,0,0] Assertion `-sizes[i] <= index && index < sizes[i] && "index out of bounds"` failed.
/pytorch/aten/src/ATen/native/cuda/IndexKernel.cu:94: operator(): block: [139,0,0], thread: [81,0,0] Assertion `-sizes[i] <= index && index < sizes[i] && "index out of bounds"` failed.
/pytorch/aten/src/ATen/native/cuda/IndexKernel.cu:94: operator(): block: [139,0,0], thread: [82,0,0] Assertion `-sizes[i] <= index && index < sizes[i] && "index out of bounds"` failed.
/pytorch/aten/src/ATen/native/cuda/IndexKernel.cu:94: operator(): block: [139,0,0], thread: [83,0,0] Assertion `-sizes[i] <= index && index < sizes[i] && "index out of bounds"` failed.
/pytorch/aten/src/ATen/native/cuda/IndexKernel.cu:94: operator(): block: [139,0,0], thread: [84,0,0] Assertion `-sizes[i] <= index && index < sizes[i] && "index out of bounds"` failed.
/pytorch/aten/src/ATen/native/cuda/IndexKernel.cu:94: operator(): block: [139,0,0], thread: [85,0,0] Assertion `-sizes[i] <= index && index < sizes[i] && "index out of bounds"` failed.
/pytorch/aten/src/ATen/native/cuda/IndexKernel.cu:94: operator(): block: [139,0,0], thread: [86,0,0] Assertion `-sizes[i] <= index && index < sizes[i] && "index out of bounds"` failed.
/pytorch/aten/src/ATen/native/cuda/IndexKernel.cu:94: operator(): block: [139,0,0], thread: [87,0,0] Assertion `-sizes[i] <= index && index < sizes[i] && "index out of bounds"` failed.
/pytorch/aten/src/ATen/native/cuda/IndexKernel.cu:94: operator(): block: [139,0,0], thread: [88,0,0] Assertion `-sizes[i] <= index && index < sizes[i] && "index out of bounds"` failed.
/pytorch/aten/src/ATen/native/cuda/IndexKernel.cu:94: operator(): block: [139,0,0], thread: [89,0,0] Assertion `-sizes[i] <= index && index < sizes[i] && "index out of bounds"` failed.
/pytorch/aten/src/ATen/native/cuda/IndexKernel.cu:94: operator(): block: [139,0,0], thread: [90,0,0] Assertion `-sizes[i] <= index && index < sizes[i] && "index out of bounds"` failed.
/pytorch/aten/src/ATen/native/cuda/IndexKernel.cu:94: operator(): block: [139,0,0], thread: [91,0,0] Assertion `-sizes[i] <= index && index < sizes[i] && "index out of bounds"` failed.
/pytorch/aten/src/ATen/native/cuda/IndexKernel.cu:94: operator(): block: [139,0,0], thread: [92,0,0] Assertion `-sizes[i] <= index && index < sizes[i] && "index out of bounds"` failed.
/pytorch/aten/src/ATen/native/cuda/IndexKernel.cu:94: operator(): block: [139,0,0], thread: [93,0,0] Assertion `-sizes[i] <= index && index < sizes[i] && "index out of bounds"` failed.
/pytorch/aten/src/ATen/native/cuda/IndexKernel.cu:94: operator(): block: [139,0,0], thread: [94,0,0] Assertion `-sizes[i] <= index && index < sizes[i] && "index out of bounds"` failed.
/pytorch/aten/src/ATen/native/cuda/IndexKernel.cu:94: operator(): block: [139,0,0], thread: [95,0,0] Assertion `-sizes[i] <= index && index < sizes[i] && "index out of bounds"` failed.
/pytorch/aten/src/ATen/native/cuda/IndexKernel.cu:94: operator(): block: [114,0,0], thread: [96,0,0] Assertion `-sizes[i] <= index && index < sizes[i] && "index out of bounds"` failed.
/pytorch/aten/src/ATen/native/cuda/IndexKernel.cu:94: operator(): block: [114,0,0], thread: [97,0,0] Assertion `-sizes[i] <= index && index < sizes[i] && "index out of bounds"` failed.
/pytorch/aten/src/ATen/native/cuda/IndexKernel.cu:94: operator(): block: [114,0,0], thread: [98,0,0] Assertion `-sizes[i] <= index && index < sizes[i] && "index out of bounds"` failed.
/pytorch/aten/src/ATen/native/cuda/IndexKernel.cu:94: operator(): block: [114,0,0], thread: [99,0,0] Assertion `-sizes[i] <= index && index < sizes[i] && "index out of bounds"` failed.
/pytorch/aten/src/ATen/native/cuda/IndexKernel.cu:94: operator(): block: [114,0,0], thread: [100,0,0] Assertion `-sizes[i] <= index && index < sizes[i] && "index out of bounds"` failed.
/pytorch/aten/src/ATen/native/cuda/IndexKernel.cu:94: operator(): block: [114,0,0], thread: [101,0,0] Assertion `-sizes[i] <= index && index < sizes[i] && "index out of bounds"` failed.
/pytorch/aten/src/ATen/native/cuda/IndexKernel.cu:94: operator(): block: [114,0,0], thread: [102,0,0] Assertion `-sizes[i] <= index && index < sizes[i] && "index out of bounds"` failed.
/pytorch/aten/src/ATen/native/cuda/IndexKernel.cu:94: operator(): block: [114,0,0], thread: [103,0,0] Assertion `-sizes[i] <= index && index < sizes[i] && "index out of bounds"` failed.
/pytorch/aten/src/ATen/native/cuda/IndexKernel.cu:94: operator(): block: [114,0,0], thread: [104,0,0] Assertion `-sizes[i] <= index && index < sizes[i] && "index out of bounds"` failed.
/pytorch/aten/src/ATen/native/cuda/IndexKernel.cu:94: operator(): block: [114,0,0], thread: [105,0,0] Assertion `-sizes[i] <= index && index < sizes[i] && "index out of bounds"` failed.
/pytorch/aten/src/ATen/native/cuda/IndexKernel.cu:94: operator(): block: [114,0,0], thread: [106,0,0] Assertion `-sizes[i] <= index && index < sizes[i] && "index out of bounds"` failed.
/pytorch/aten/src/ATen/native/cuda/IndexKernel.cu:94: operator(): block: [114,0,0], thread: [107,0,0] Assertion `-sizes[i] <= index && index < sizes[i] && "index out of bounds"` failed.
/pytorch/aten/src/ATen/native/cuda/IndexKernel.cu:94: operator(): block: [114,0,0], thread: [108,0,0] Assertion `-sizes[i] <= index && index < sizes[i] && "index out of bounds"` failed.
/pytorch/aten/src/ATen/native/cuda/IndexKernel.cu:94: operator(): block: [114,0,0], thread: [109,0,0] Assertion `-sizes[i] <= index && index < sizes[i] && "index out of bounds"` failed.
/pytorch/aten/src/ATen/native/cuda/IndexKernel.cu:94: operator(): block: [114,0,0], thread: [110,0,0] Assertion `-sizes[i] <= index && index < sizes[i] && "index out of bounds"` failed.
/pytorch/aten/src/ATen/native/cuda/IndexKernel.cu:94: operator(): block: [114,0,0], thread: [111,0,0] Assertion `-sizes[i] <= index && index < sizes[i] && "index out of bounds"` failed.
/pytorch/aten/src/ATen/native/cuda/IndexKernel.cu:94: operator(): block: [114,0,0], thread: [112,0,0] Assertion `-sizes[i] <= index && index < sizes[i] && "index out of bounds"` failed.
/pytorch/aten/src/ATen/native/cuda/IndexKernel.cu:94: operator(): block: [114,0,0], thread: [113,0,0] Assertion `-sizes[i] <= index && index < sizes[i] && "index out of bounds"` failed.
/pytorch/aten/src/ATen/native/cuda/IndexKernel.cu:94: operator(): block: [114,0,0], thread: [114,0,0] Assertion `-sizes[i] <= index && index < sizes[i] && "index out of bounds"` failed.
/pytorch/aten/src/ATen/native/cuda/IndexKernel.cu:94: operator(): block: [114,0,0], thread: [115,0,0] Assertion `-sizes[i] <= index && index < sizes[i] && "index out of bounds"` failed.
/pytorch/aten/src/ATen/native/cuda/IndexKernel.cu:94: operator(): block: [114,0,0], thread: [116,0,0] Assertion `-sizes[i] <= index && index < sizes[i] && "index out of bounds"` failed.
/pytorch/aten/src/ATen/native/cuda/IndexKernel.cu:94: operator(): block: [114,0,0], thread: [117,0,0] Assertion `-sizes[i] <= index && index < sizes[i] && "index out of bounds"` failed.
/pytorch/aten/src/ATen/native/cuda/IndexKernel.cu:94: operator(): block: [114,0,0], thread: [118,0,0] Assertion `-sizes[i] <= index && index < sizes[i] && "index out of bounds"` failed.
/pytorch/aten/src/ATen/native/cuda/IndexKernel.cu:94: operator(): block: [114,0,0], thread: [119,0,0] Assertion `-sizes[i] <= index && index < sizes[i] && "index out of bounds"` failed.
/pytorch/aten/src/ATen/native/cuda/IndexKernel.cu:94: operator(): block: [114,0,0], thread: [120,0,0] Assertion `-sizes[i] <= index && index < sizes[i] && "index out of bounds"` failed.
/pytorch/aten/src/ATen/native/cuda/IndexKernel.cu:94: operator(): block: [114,0,0], thread: [121,0,0] Assertion `-sizes[i] <= index && index < sizes[i] && "index out of bounds"` failed.
/pytorch/aten/src/ATen/native/cuda/IndexKernel.cu:94: operator(): block: [114,0,0], thread: [122,0,0] Assertion `-sizes[i] <= index && index < sizes[i] && "index out of bounds"` failed.
/pytorch/aten/src/ATen/native/cuda/IndexKernel.cu:94: operator(): block: [114,0,0], thread: [123,0,0] Assertion `-sizes[i] <= index && index < sizes[i] && "index out of bounds"` failed.
/pytorch/aten/src/ATen/native/cuda/IndexKernel.cu:94: operator(): block: [114,0,0], thread: [124,0,0] Assertion `-sizes[i] <= index && index < sizes[i] && "index out of bounds"` failed.
/pytorch/aten/src/ATen/native/cuda/IndexKernel.cu:94: operator(): block: [114,0,0], thread: [125,0,0] Assertion `-sizes[i] <= index && index < sizes[i] && "index out of bounds"` failed.
/pytorch/aten/src/ATen/native/cuda/IndexKernel.cu:94: operator(): block: [114,0,0], thread: [126,0,0] Assertion `-sizes[i] <= index && index < sizes[i] && "index out of bounds"` failed.
/pytorch/aten/src/ATen/native/cuda/IndexKernel.cu:94: operator(): block: [114,0,0], thread: [127,0,0] Assertion `-sizes[i] <= index && index < sizes[i] && "index out of bounds"` failed.
/pytorch/aten/src/ATen/native/cuda/IndexKernel.cu:94: operator(): block: [117,0,0], thread: [0,0,0] Assertion `-sizes[i] <= index && index < sizes[i] && "index out of bounds"` failed.
/pytorch/aten/src/ATen/native/cuda/IndexKernel.cu:94: operator(): block: [117,0,0], thread: [1,0,0] Assertion `-sizes[i] <= index && index < sizes[i] && "index out of bounds"` failed.
/pytorch/aten/src/ATen/native/cuda/IndexKernel.cu:94: operator(): block: [117,0,0], thread: [2,0,0] Assertion `-sizes[i] <= index && index < sizes[i] && "index out of bounds"` failed.
/pytorch/aten/src/ATen/native/cuda/IndexKernel.cu:94: operator(): block: [117,0,0], thread: [3,0,0] Assertion `-sizes[i] <= index && index < sizes[i] && "index out of bounds"` failed.
/pytorch/aten/src/ATen/native/cuda/IndexKernel.cu:94: operator(): block: [117,0,0], thread: [4,0,0] Assertion `-sizes[i] <= index && index < sizes[i] && "index out of bounds"` failed.
/pytorch/aten/src/ATen/native/cuda/IndexKernel.cu:94: operator(): block: [117,0,0], thread: [5,0,0] Assertion `-sizes[i] <= index && index < sizes[i] && "index out of bounds"` failed.
/pytorch/aten/src/ATen/native/cuda/IndexKernel.cu:94: operator(): block: [117,0,0], thread: [6,0,0] Assertion `-sizes[i] <= index && index < sizes[i] && "index out of bounds"` failed.
/pytorch/aten/src/ATen/native/cuda/IndexKernel.cu:94: operator(): block: [117,0,0], thread: [7,0,0] Assertion `-sizes[i] <= index && index < sizes[i] && "index out of bounds"` failed.
/pytorch/aten/src/ATen/native/cuda/IndexKernel.cu:94: operator(): block: [117,0,0], thread: [8,0,0] Assertion `-sizes[i] <= index && index < sizes[i] && "index out of bounds"` failed.
/pytorch/aten/src/ATen/native/cuda/IndexKernel.cu:94: operator(): block: [117,0,0], thread: [9,0,0] Assertion `-sizes[i] <= index && index < sizes[i] && "index out of bounds"` failed.
/pytorch/aten/src/ATen/native/cuda/IndexKernel.cu:94: operator(): block: [117,0,0], thread: [10,0,0] Assertion `-sizes[i] <= index && index < sizes[i] && "index out of bounds"` failed.
/pytorch/aten/src/ATen/native/cuda/IndexKernel.cu:94: operator(): block: [117,0,0], thread: [11,0,0] Assertion `-sizes[i] <= index && index < sizes[i] && "index out of bounds"` failed.
/pytorch/aten/src/ATen/native/cuda/IndexKernel.cu:94: operator(): block: [117,0,0], thread: [12,0,0] Assertion `-sizes[i] <= index && index < sizes[i] && "index out of bounds"` failed.
/pytorch/aten/src/ATen/native/cuda/IndexKernel.cu:94: operator(): block: [117,0,0], thread: [13,0,0] Assertion `-sizes[i] <= index && index < sizes[i] && "index out of bounds"` failed.
/pytorch/aten/src/ATen/native/cuda/IndexKernel.cu:94: operator(): block: [117,0,0], thread: [14,0,0] Assertion `-sizes[i] <= index && index < sizes[i] && "index out of bounds"` failed.
/pytorch/aten/src/ATen/native/cuda/IndexKernel.cu:94: operator(): block: [117,0,0], thread: [15,0,0] Assertion `-sizes[i] <= index && index < sizes[i] && "index out of bounds"` failed.
/pytorch/aten/src/ATen/native/cuda/IndexKernel.cu:94: operator(): block: [117,0,0], thread: [16,0,0] Assertion `-sizes[i] <= index && index < sizes[i] && "index out of bounds"` failed.
/pytorch/aten/src/ATen/native/cuda/IndexKernel.cu:94: operator(): block: [117,0,0], thread: [17,0,0] Assertion `-sizes[i] <= index && index < sizes[i] && "index out of bounds"` failed.
/pytorch/aten/src/ATen/native/cuda/IndexKernel.cu:94: operator(): block: [117,0,0], thread: [18,0,0] Assertion `-sizes[i] <= index && index < sizes[i] && "index out of bounds"` failed.
/pytorch/aten/src/ATen/native/cuda/IndexKernel.cu:94: operator(): block: [117,0,0], thread: [19,0,0] Assertion `-sizes[i] <= index && index < sizes[i] && "index out of bounds"` failed.
/pytorch/aten/src/ATen/native/cuda/IndexKernel.cu:94: operator(): block: [117,0,0], thread: [20,0,0] Assertion `-sizes[i] <= index && index < sizes[i] && "index out of bounds"` failed.
/pytorch/aten/src/ATen/native/cuda/IndexKernel.cu:94: operator(): block: [117,0,0], thread: [21,0,0] Assertion `-sizes[i] <= index && index < sizes[i] && "index out of bounds"` failed.
/pytorch/aten/src/ATen/native/cuda/IndexKernel.cu:94: operator(): block: [117,0,0], thread: [22,0,0] Assertion `-sizes[i] <= index && index < sizes[i] && "index out of bounds"` failed.
/pytorch/aten/src/ATen/native/cuda/IndexKernel.cu:94: operator(): block: [117,0,0], thread: [23,0,0] Assertion `-sizes[i] <= index && index < sizes[i] && "index out of bounds"` failed.
/pytorch/aten/src/ATen/native/cuda/IndexKernel.cu:94: operator(): block: [117,0,0], thread: [24,0,0] Assertion `-sizes[i] <= index && index < sizes[i] && "index out of bounds"` failed.
/pytorch/aten/src/ATen/native/cuda/IndexKernel.cu:94: operator(): block: [117,0,0], thread: [25,0,0] Assertion `-sizes[i] <= index && index < sizes[i] && "index out of bounds"` failed.
/pytorch/aten/src/ATen/native/cuda/IndexKernel.cu:94: operator(): block: [117,0,0], thread: [26,0,0] Assertion `-sizes[i] <= index && index < sizes[i] && "index out of bounds"` failed.
/pytorch/aten/src/ATen/native/cuda/IndexKernel.cu:94: operator(): block: [117,0,0], thread: [27,0,0] Assertion `-sizes[i] <= index && index < sizes[i] && "index out of bounds"` failed.
/pytorch/aten/src/ATen/native/cuda/IndexKernel.cu:94: operator(): block: [117,0,0], thread: [28,0,0] Assertion `-sizes[i] <= index && index < sizes[i] && "index out of bounds"` failed.
/pytorch/aten/src/ATen/native/cuda/IndexKernel.cu:94: operator(): block: [117,0,0], thread: [29,0,0] Assertion `-sizes[i] <= index && index < sizes[i] && "index out of bounds"` failed.
/pytorch/aten/src/ATen/native/cuda/IndexKernel.cu:94: operator(): block: [117,0,0], thread: [30,0,0] Assertion `-sizes[i] <= index && index < sizes[i] && "index out of bounds"` failed.
/pytorch/aten/src/ATen/native/cuda/IndexKernel.cu:94: operator(): block: [117,0,0], thread: [31,0,0] Assertion `-sizes[i] <= index && index < sizes[i] && "index out of bounds"` failed.
/pytorch/aten/src/ATen/native/cuda/IndexKernel.cu:94: operator(): block: [145,0,0], thread: [96,0,0] Assertion `-sizes[i] <= index && index < sizes[i] && "index out of bounds"` failed.
/pytorch/aten/src/ATen/native/cuda/IndexKernel.cu:94: operator(): block: [145,0,0], thread: [97,0,0] Assertion `-sizes[i] <= index && index < sizes[i] && "index out of bounds"` failed.
/pytorch/aten/src/ATen/native/cuda/IndexKernel.cu:94: operator(): block: [145,0,0], thread: [98,0,0] Assertion `-sizes[i] <= index && index < sizes[i] && "index out of bounds"` failed.
/pytorch/aten/src/ATen/native/cuda/IndexKernel.cu:94: operator(): block: [145,0,0], thread: [99,0,0] Assertion `-sizes[i] <= index && index < sizes[i] && "index out of bounds"` failed.
/pytorch/aten/src/ATen/native/cuda/IndexKernel.cu:94: operator(): block: [145,0,0], thread: [100,0,0] Assertion `-sizes[i] <= index && index < sizes[i] && "index out of bounds"` failed.
/pytorch/aten/src/ATen/native/cuda/IndexKernel.cu:94: operator(): block: [145,0,0], thread: [101,0,0] Assertion `-sizes[i] <= index && index < sizes[i] && "index out of bounds"` failed.
/pytorch/aten/src/ATen/native/cuda/IndexKernel.cu:94: operator(): block: [145,0,0], thread: [102,0,0] Assertion `-sizes[i] <= index && index < sizes[i] && "index out of bounds"` failed.
/pytorch/aten/src/ATen/native/cuda/IndexKernel.cu:94: operator(): block: [145,0,0], thread: [103,0,0] Assertion `-sizes[i] <= index && index < sizes[i] && "index out of bounds"` failed.
/pytorch/aten/src/ATen/native/cuda/IndexKernel.cu:94: operator(): block: [145,0,0], thread: [104,0,0] Assertion `-sizes[i] <= index && index < sizes[i] && "index out of bounds"` failed.
/pytorch/aten/src/ATen/native/cuda/IndexKernel.cu:94: operator(): block: [145,0,0], thread: [105,0,0] Assertion `-sizes[i] <= index && index < sizes[i] && "index out of bounds"` failed.
/pytorch/aten/src/ATen/native/cuda/IndexKernel.cu:94: operator(): block: [145,0,0], thread: [106,0,0] Assertion `-sizes[i] <= index && index < sizes[i] && "index out of bounds"` failed.
/pytorch/aten/src/ATen/native/cuda/IndexKernel.cu:94: operator(): block: [145,0,0], thread: [107,0,0] Assertion `-sizes[i] <= index && index < sizes[i] && "index out of bounds"` failed.
/pytorch/aten/src/ATen/native/cuda/IndexKernel.cu:94: operator(): block: [145,0,0], thread: [108,0,0] Assertion `-sizes[i] <= index && index < sizes[i] && "index out of bounds"` failed.
/pytorch/aten/src/ATen/native/cuda/IndexKernel.cu:94: operator(): block: [145,0,0], thread: [109,0,0] Assertion `-sizes[i] <= index && index < sizes[i] && "index out of bounds"` failed.
/pytorch/aten/src/ATen/native/cuda/IndexKernel.cu:94: operator(): block: [145,0,0], thread: [110,0,0] Assertion `-sizes[i] <= index && index < sizes[i] && "index out of bounds"` failed.
/pytorch/aten/src/ATen/native/cuda/IndexKernel.cu:94: operator(): block: [145,0,0], thread: [111,0,0] Assertion `-sizes[i] <= index && index < sizes[i] && "index out of bounds"` failed.
/pytorch/aten/src/ATen/native/cuda/IndexKernel.cu:94: operator(): block: [145,0,0], thread: [112,0,0] Assertion `-sizes[i] <= index && index < sizes[i] && "index out of bounds"` failed.
/pytorch/aten/src/ATen/native/cuda/IndexKernel.cu:94: operator(): block: [145,0,0], thread: [113,0,0] Assertion `-sizes[i] <= index && index < sizes[i] && "index out of bounds"` failed.
/pytorch/aten/src/ATen/native/cuda/IndexKernel.cu:94: operator(): block: [145,0,0], thread: [114,0,0] Assertion `-sizes[i] <= index && index < sizes[i] && "index out of bounds"` failed.
/pytorch/aten/src/ATen/native/cuda/IndexKernel.cu:94: operator(): block: [145,0,0], thread: [115,0,0] Assertion `-sizes[i] <= index && index < sizes[i] && "index out of bounds"` failed.
/pytorch/aten/src/ATen/native/cuda/IndexKernel.cu:94: operator(): block: [145,0,0], thread: [116,0,0] Assertion `-sizes[i] <= index && index < sizes[i] && "index out of bounds"` failed.
/pytorch/aten/src/ATen/native/cuda/IndexKernel.cu:94: operator(): block: [145,0,0], thread: [117,0,0] Assertion `-sizes[i] <= index && index < sizes[i] && "index out of bounds"` failed.
/pytorch/aten/src/ATen/native/cuda/IndexKernel.cu:94: operator(): block: [145,0,0], thread: [118,0,0] Assertion `-sizes[i] <= index && index < sizes[i] && "index out of bounds"` failed.
/pytorch/aten/src/ATen/native/cuda/IndexKernel.cu:94: operator(): block: [145,0,0], thread: [119,0,0] Assertion `-sizes[i] <= index && index < sizes[i] && "index out of bounds"` failed.
/pytorch/aten/src/ATen/native/cuda/IndexKernel.cu:94: operator(): block: [145,0,0], thread: [120,0,0] Assertion `-sizes[i] <= index && index < sizes[i] && "index out of bounds"` failed.
/pytorch/aten/src/ATen/native/cuda/IndexKernel.cu:94: operator(): block: [145,0,0], thread: [121,0,0] Assertion `-sizes[i] <= index && index < sizes[i] && "index out of bounds"` failed.
/pytorch/aten/src/ATen/native/cuda/IndexKernel.cu:94: operator(): block: [145,0,0], thread: [122,0,0] Assertion `-sizes[i] <= index && index < sizes[i] && "index out of bounds"` failed.
/pytorch/aten/src/ATen/native/cuda/IndexKernel.cu:94: operator(): block: [145,0,0], thread: [123,0,0] Assertion `-sizes[i] <= index && index < sizes[i] && "index out of bounds"` failed.
/pytorch/aten/src/ATen/native/cuda/IndexKernel.cu:94: operator(): block: [145,0,0], thread: [124,0,0] Assertion `-sizes[i] <= index && index < sizes[i] && "index out of bounds"` failed.
/pytorch/aten/src/ATen/native/cuda/IndexKernel.cu:94: operator(): block: [145,0,0], thread: [125,0,0] Assertion `-sizes[i] <= index && index < sizes[i] && "index out of bounds"` failed.
/pytorch/aten/src/ATen/native/cuda/IndexKernel.cu:94: operator(): block: [145,0,0], thread: [126,0,0] Assertion `-sizes[i] <= index && index < sizes[i] && "index out of bounds"` failed.
/pytorch/aten/src/ATen/native/cuda/IndexKernel.cu:94: operator(): block: [145,0,0], thread: [127,0,0] Assertion `-sizes[i] <= index && index < sizes[i] && "index out of bounds"` failed.
/pytorch/aten/src/ATen/native/cuda/IndexKernel.cu:94: operator(): block: [112,0,0], thread: [64,0,0] Assertion `-sizes[i] <= index && index < sizes[i] && "index out of bounds"` failed.
/pytorch/aten/src/ATen/native/cuda/IndexKernel.cu:94: operator(): block: [112,0,0], thread: [65,0,0] Assertion `-sizes[i] <= index && index < sizes[i] && "index out of bounds"` failed.
/pytorch/aten/src/ATen/native/cuda/IndexKernel.cu:94: operator(): block: [112,0,0], thread: [66,0,0] Assertion `-sizes[i] <= index && index < sizes[i] && "index out of bounds"` failed.
/pytorch/aten/src/ATen/native/cuda/IndexKernel.cu:94: operator(): block: [112,0,0], thread: [67,0,0] Assertion `-sizes[i] <= index && index < sizes[i] && "index out of bounds"` failed.
/pytorch/aten/src/ATen/native/cuda/IndexKernel.cu:94: operator(): block: [112,0,0], thread: [68,0,0] Assertion `-sizes[i] <= index && index < sizes[i] && "index out of bounds"` failed.
/pytorch/aten/src/ATen/native/cuda/IndexKernel.cu:94: operator(): block: [112,0,0], thread: [69,0,0] Assertion `-sizes[i] <= index && index < sizes[i] && "index out of bounds"` failed.
/pytorch/aten/src/ATen/native/cuda/IndexKernel.cu:94: operator(): block: [112,0,0], thread: [70,0,0] Assertion `-sizes[i] <= index && index < sizes[i] && "index out of bounds"` failed.
/pytorch/aten/src/ATen/native/cuda/IndexKernel.cu:94: operator(): block: [112,0,0], thread: [71,0,0] Assertion `-sizes[i] <= index && index < sizes[i] && "index out of bounds"` failed.
/pytorch/aten/src/ATen/native/cuda/IndexKernel.cu:94: operator(): block: [112,0,0], thread: [72,0,0] Assertion `-sizes[i] <= index && index < sizes[i] && "index out of bounds"` failed.
/pytorch/aten/src/ATen/native/cuda/IndexKernel.cu:94: operator(): block: [112,0,0], thread: [73,0,0] Assertion `-sizes[i] <= index && index < sizes[i] && "index out of bounds"` failed.
/pytorch/aten/src/ATen/native/cuda/IndexKernel.cu:94: operator(): block: [112,0,0], thread: [74,0,0] Assertion `-sizes[i] <= index && index < sizes[i] && "index out of bounds"` failed.
/pytorch/aten/src/ATen/native/cuda/IndexKernel.cu:94: operator(): block: [112,0,0], thread: [75,0,0] Assertion `-sizes[i] <= index && index < sizes[i] && "index out of bounds"` failed.
/pytorch/aten/src/ATen/native/cuda/IndexKernel.cu:94: operator(): block: [112,0,0], thread: [76,0,0] Assertion `-sizes[i] <= index && index < sizes[i] && "index out of bounds"` failed.
/pytorch/aten/src/ATen/native/cuda/IndexKernel.cu:94: operator(): block: [112,0,0], thread: [77,0,0] Assertion `-sizes[i] <= index && index < sizes[i] && "index out of bounds"` failed.
/pytorch/aten/src/ATen/native/cuda/IndexKernel.cu:94: operator(): block: [112,0,0], thread: [78,0,0] Assertion `-sizes[i] <= index && index < sizes[i] && "index out of bounds"` failed.
/pytorch/aten/src/ATen/native/cuda/IndexKernel.cu:94: operator(): block: [112,0,0], thread: [79,0,0] Assertion `-sizes[i] <= index && index < sizes[i] && "index out of bounds"` failed.
/pytorch/aten/src/ATen/native/cuda/IndexKernel.cu:94: operator(): block: [112,0,0], thread: [80,0,0] Assertion `-sizes[i] <= index && index < sizes[i] && "index out of bounds"` failed.
/pytorch/aten/src/ATen/native/cuda/IndexKernel.cu:94: operator(): block: [112,0,0], thread: [81,0,0] Assertion `-sizes[i] <= index && index < sizes[i] && "index out of bounds"` failed.
/pytorch/aten/src/ATen/native/cuda/IndexKernel.cu:94: operator(): block: [112,0,0], thread: [82,0,0] Assertion `-sizes[i] <= index && index < sizes[i] && "index out of bounds"` failed.
/pytorch/aten/src/ATen/native/cuda/IndexKernel.cu:94: operator(): block: [112,0,0], thread: [83,0,0] Assertion `-sizes[i] <= index && index < sizes[i] && "index out of bounds"` failed.
/pytorch/aten/src/ATen/native/cuda/IndexKernel.cu:94: operator(): block: [112,0,0], thread: [84,0,0] Assertion `-sizes[i] <= index && index < sizes[i] && "index out of bounds"` failed.
/pytorch/aten/src/ATen/native/cuda/IndexKernel.cu:94: operator(): block: [112,0,0], thread: [85,0,0] Assertion `-sizes[i] <= index && index < sizes[i] && "index out of bounds"` failed.
/pytorch/aten/src/ATen/native/cuda/IndexKernel.cu:94: operator(): block: [112,0,0], thread: [86,0,0] Assertion `-sizes[i] <= index && index < sizes[i] && "index out of bounds"` failed.
/pytorch/aten/src/ATen/native/cuda/IndexKernel.cu:94: operator(): block: [112,0,0], thread: [87,0,0] Assertion `-sizes[i] <= index && index < sizes[i] && "index out of bounds"` failed.
/pytorch/aten/src/ATen/native/cuda/IndexKernel.cu:94: operator(): block: [112,0,0], thread: [88,0,0] Assertion `-sizes[i] <= index && index < sizes[i] && "index out of bounds"` failed.
/pytorch/aten/src/ATen/native/cuda/IndexKernel.cu:94: operator(): block: [112,0,0], thread: [89,0,0] Assertion `-sizes[i] <= index && index < sizes[i] && "index out of bounds"` failed.
/pytorch/aten/src/ATen/native/cuda/IndexKernel.cu:94: operator(): block: [112,0,0], thread: [90,0,0] Assertion `-sizes[i] <= index && index < sizes[i] && "index out of bounds"` failed.
/pytorch/aten/src/ATen/native/cuda/IndexKernel.cu:94: operator(): block: [112,0,0], thread: [91,0,0] Assertion `-sizes[i] <= index && index < sizes[i] && "index out of bounds"` failed.
/pytorch/aten/src/ATen/native/cuda/IndexKernel.cu:94: operator(): block: [112,0,0], thread: [92,0,0] Assertion `-sizes[i] <= index && index < sizes[i] && "index out of bounds"` failed.
/pytorch/aten/src/ATen/native/cuda/IndexKernel.cu:94: operator(): block: [112,0,0], thread: [93,0,0] Assertion `-sizes[i] <= index && index < sizes[i] && "index out of bounds"` failed.
/pytorch/aten/src/ATen/native/cuda/IndexKernel.cu:94: operator(): block: [112,0,0], thread: [94,0,0] Assertion `-sizes[i] <= index && index < sizes[i] && "index out of bounds"` failed.
/pytorch/aten/src/ATen/native/cuda/IndexKernel.cu:94: operator(): block: [112,0,0], thread: [95,0,0] Assertion `-sizes[i] <= index && index < sizes[i] && "index out of bounds"` failed.
/pytorch/aten/src/ATen/native/cuda/IndexKernel.cu:94: operator(): block: [116,0,0], thread: [96,0,0] Assertion `-sizes[i] <= index && index < sizes[i] && "index out of bounds"` failed.
/pytorch/aten/src/ATen/native/cuda/IndexKernel.cu:94: operator(): block: [116,0,0], thread: [97,0,0] Assertion `-sizes[i] <= index && index < sizes[i] && "index out of bounds"` failed.
/pytorch/aten/src/ATen/native/cuda/IndexKernel.cu:94: operator(): block: [116,0,0], thread: [98,0,0] Assertion `-sizes[i] <= index && index < sizes[i] && "index out of bounds"` failed.
/pytorch/aten/src/ATen/native/cuda/IndexKernel.cu:94: operator(): block: [116,0,0], thread: [99,0,0] Assertion `-sizes[i] <= index && index < sizes[i] && "index out of bounds"` failed.
/pytorch/aten/src/ATen/native/cuda/IndexKernel.cu:94: operator(): block: [116,0,0], thread: [100,0,0] Assertion `-sizes[i] <= index && index < sizes[i] && "index out of bounds"` failed.
/pytorch/aten/src/ATen/native/cuda/IndexKernel.cu:94: operator(): block: [116,0,0], thread: [101,0,0] Assertion `-sizes[i] <= index && index < sizes[i] && "index out of bounds"` failed.
/pytorch/aten/src/ATen/native/cuda/IndexKernel.cu:94: operator(): block: [116,0,0], thread: [102,0,0] Assertion `-sizes[i] <= index && index < sizes[i] && "index out of bounds"` failed.
/pytorch/aten/src/ATen/native/cuda/IndexKernel.cu:94: operator(): block: [116,0,0], thread: [103,0,0] Assertion `-sizes[i] <= index && index < sizes[i] && "index out of bounds"` failed.
/pytorch/aten/src/ATen/native/cuda/IndexKernel.cu:94: operator(): block: [116,0,0], thread: [104,0,0] Assertion `-sizes[i] <= index && index < sizes[i] && "index out of bounds"` failed.
/pytorch/aten/src/ATen/native/cuda/IndexKernel.cu:94: operator(): block: [116,0,0], thread: [105,0,0] Assertion `-sizes[i] <= index && index < sizes[i] && "index out of bounds"` failed.
/pytorch/aten/src/ATen/native/cuda/IndexKernel.cu:94: operator(): block: [116,0,0], thread: [106,0,0] Assertion `-sizes[i] <= index && index < sizes[i] && "index out of bounds"` failed.
/pytorch/aten/src/ATen/native/cuda/IndexKernel.cu:94: operator(): block: [116,0,0], thread: [107,0,0] Assertion `-sizes[i] <= index && index < sizes[i] && "index out of bounds"` failed.
/pytorch/aten/src/ATen/native/cuda/IndexKernel.cu:94: operator(): block: [116,0,0], thread: [108,0,0] Assertion `-sizes[i] <= index && index < sizes[i] && "index out of bounds"` failed.
/pytorch/aten/src/ATen/native/cuda/IndexKernel.cu:94: operator(): block: [116,0,0], thread: [109,0,0] Assertion `-sizes[i] <= index && index < sizes[i] && "index out of bounds"` failed.
/pytorch/aten/src/ATen/native/cuda/IndexKernel.cu:94: operator(): block: [116,0,0], thread: [110,0,0] Assertion `-sizes[i] <= index && index < sizes[i] && "index out of bounds"` failed.
/pytorch/aten/src/ATen/native/cuda/IndexKernel.cu:94: operator(): block: [116,0,0], thread: [111,0,0] Assertion `-sizes[i] <= index && index < sizes[i] && "index out of bounds"` failed.
/pytorch/aten/src/ATen/native/cuda/IndexKernel.cu:94: operator(): block: [116,0,0], thread: [112,0,0] Assertion `-sizes[i] <= index && index < sizes[i] && "index out of bounds"` failed.
/pytorch/aten/src/ATen/native/cuda/IndexKernel.cu:94: operator(): block: [116,0,0], thread: [113,0,0] Assertion `-sizes[i] <= index && index < sizes[i] && "index out of bounds"` failed.
/pytorch/aten/src/ATen/native/cuda/IndexKernel.cu:94: operator(): block: [116,0,0], thread: [114,0,0] Assertion `-sizes[i] <= index && index < sizes[i] && "index out of bounds"` failed.
/pytorch/aten/src/ATen/native/cuda/IndexKernel.cu:94: operator(): block: [116,0,0], thread: [115,0,0] Assertion `-sizes[i] <= index && index < sizes[i] && "index out of bounds"` failed.
/pytorch/aten/src/ATen/native/cuda/IndexKernel.cu:94: operator(): block: [116,0,0], thread: [116,0,0] Assertion `-sizes[i] <= index && index < sizes[i] && "index out of bounds"` failed.
/pytorch/aten/src/ATen/native/cuda/IndexKernel.cu:94: operator(): block: [116,0,0], thread: [117,0,0] Assertion `-sizes[i] <= index && index < sizes[i] && "index out of bounds"` failed.
/pytorch/aten/src/ATen/native/cuda/IndexKernel.cu:94: operator(): block: [116,0,0], thread: [118,0,0] Assertion `-sizes[i] <= index && index < sizes[i] && "index out of bounds"` failed.
/pytorch/aten/src/ATen/native/cuda/IndexKernel.cu:94: operator(): block: [116,0,0], thread: [119,0,0] Assertion `-sizes[i] <= index && index < sizes[i] && "index out of bounds"` failed.
/pytorch/aten/src/ATen/native/cuda/IndexKernel.cu:94: operator(): block: [116,0,0], thread: [120,0,0] Assertion `-sizes[i] <= index && index < sizes[i] && "index out of bounds"` failed.
/pytorch/aten/src/ATen/native/cuda/IndexKernel.cu:94: operator(): block: [116,0,0], thread: [121,0,0] Assertion `-sizes[i] <= index && index < sizes[i] && "index out of bounds"` failed.
/pytorch/aten/src/ATen/native/cuda/IndexKernel.cu:94: operator(): block: [116,0,0], thread: [122,0,0] Assertion `-sizes[i] <= index && index < sizes[i] && "index out of bounds"` failed.
/pytorch/aten/src/ATen/native/cuda/IndexKernel.cu:94: operator(): block: [116,0,0], thread: [123,0,0] Assertion `-sizes[i] <= index && index < sizes[i] && "index out of bounds"` failed.
/pytorch/aten/src/ATen/native/cuda/IndexKernel.cu:94: operator(): block: [116,0,0], thread: [124,0,0] Assertion `-sizes[i] <= index && index < sizes[i] && "index out of bounds"` failed.
/pytorch/aten/src/ATen/native/cuda/IndexKernel.cu:94: operator(): block: [116,0,0], thread: [125,0,0] Assertion `-sizes[i] <= index && index < sizes[i] && "index out of bounds"` failed.
/pytorch/aten/src/ATen/native/cuda/IndexKernel.cu:94: operator(): block: [116,0,0], thread: [126,0,0] Assertion `-sizes[i] <= index && index < sizes[i] && "index out of bounds"` failed.
/pytorch/aten/src/ATen/native/cuda/IndexKernel.cu:94: operator(): block: [116,0,0], thread: [127,0,0] Assertion `-sizes[i] <= index && index < sizes[i] && "index out of bounds"` failed.
/pytorch/aten/src/ATen/native/cuda/IndexKernel.cu:94: operator(): block: [80,0,0], thread: [96,0,0] Assertion `-sizes[i] <= index && index < sizes[i] && "index out of bounds"` failed.
/pytorch/aten/src/ATen/native/cuda/IndexKernel.cu:94: operator(): block: [80,0,0], thread: [97,0,0] Assertion `-sizes[i] <= index && index < sizes[i] && "index out of bounds"` failed.
/pytorch/aten/src/ATen/native/cuda/IndexKernel.cu:94: operator(): block: [80,0,0], thread: [98,0,0] Assertion `-sizes[i] <= index && index < sizes[i] && "index out of bounds"` failed.
/pytorch/aten/src/ATen/native/cuda/IndexKernel.cu:94: operator(): block: [80,0,0], thread: [99,0,0] Assertion `-sizes[i] <= index && index < sizes[i] && "index out of bounds"` failed.
/pytorch/aten/src/ATen/native/cuda/IndexKernel.cu:94: operator(): block: [80,0,0], thread: [100,0,0] Assertion `-sizes[i] <= index && index < sizes[i] && "index out of bounds"` failed.
/pytorch/aten/src/ATen/native/cuda/IndexKernel.cu:94: operator(): block: [80,0,0], thread: [101,0,0] Assertion `-sizes[i] <= index && index < sizes[i] && "index out of bounds"` failed.
/pytorch/aten/src/ATen/native/cuda/IndexKernel.cu:94: operator(): block: [80,0,0], thread: [102,0,0] Assertion `-sizes[i] <= index && index < sizes[i] && "index out of bounds"` failed.
/pytorch/aten/src/ATen/native/cuda/IndexKernel.cu:94: operator(): block: [80,0,0], thread: [103,0,0] Assertion `-sizes[i] <= index && index < sizes[i] && "index out of bounds"` failed.
/pytorch/aten/src/ATen/native/cuda/IndexKernel.cu:94: operator(): block: [80,0,0], thread: [104,0,0] Assertion `-sizes[i] <= index && index < sizes[i] && "index out of bounds"` failed.
/pytorch/aten/src/ATen/native/cuda/IndexKernel.cu:94: operator(): block: [80,0,0], thread: [105,0,0] Assertion `-sizes[i] <= index && index < sizes[i] && "index out of bounds"` failed.
/pytorch/aten/src/ATen/native/cuda/IndexKernel.cu:94: operator(): block: [80,0,0], thread: [106,0,0] Assertion `-sizes[i] <= index && index < sizes[i] && "index out of bounds"` failed.
/pytorch/aten/src/ATen/native/cuda/IndexKernel.cu:94: operator(): block: [80,0,0], thread: [107,0,0] Assertion `-sizes[i] <= index && index < sizes[i] && "index out of bounds"` failed.
/pytorch/aten/src/ATen/native/cuda/IndexKernel.cu:94: operator(): block: [80,0,0], thread: [108,0,0] Assertion `-sizes[i] <= index && index < sizes[i] && "index out of bounds"` failed.
/pytorch/aten/src/ATen/native/cuda/IndexKernel.cu:94: operator(): block: [80,0,0], thread: [109,0,0] Assertion `-sizes[i] <= index && index < sizes[i] && "index out of bounds"` failed.
/pytorch/aten/src/ATen/native/cuda/IndexKernel.cu:94: operator(): block: [80,0,0], thread: [110,0,0] Assertion `-sizes[i] <= index && index < sizes[i] && "index out of bounds"` failed.
/pytorch/aten/src/ATen/native/cuda/IndexKernel.cu:94: operator(): block: [80,0,0], thread: [111,0,0] Assertion `-sizes[i] <= index && index < sizes[i] && "index out of bounds"` failed.
/pytorch/aten/src/ATen/native/cuda/IndexKernel.cu:94: operator(): block: [80,0,0], thread: [112,0,0] Assertion `-sizes[i] <= index && index < sizes[i] && "index out of bounds"` failed.
/pytorch/aten/src/ATen/native/cuda/IndexKernel.cu:94: operator(): block: [80,0,0], thread: [113,0,0] Assertion `-sizes[i] <= index && index < sizes[i] && "index out of bounds"` failed.
/pytorch/aten/src/ATen/native/cuda/IndexKernel.cu:94: operator(): block: [80,0,0], thread: [114,0,0] Assertion `-sizes[i] <= index && index < sizes[i] && "index out of bounds"` failed.
/pytorch/aten/src/ATen/native/cuda/IndexKernel.cu:94: operator(): block: [80,0,0], thread: [115,0,0] Assertion `-sizes[i] <= index && index < sizes[i] && "index out of bounds"` failed.
/pytorch/aten/src/ATen/native/cuda/IndexKernel.cu:94: operator(): block: [80,0,0], thread: [116,0,0] Assertion `-sizes[i] <= index && index < sizes[i] && "index out of bounds"` failed.
/pytorch/aten/src/ATen/native/cuda/IndexKernel.cu:94: operator(): block: [80,0,0], thread: [117,0,0] Assertion `-sizes[i] <= index && index < sizes[i] && "index out of bounds"` failed.
/pytorch/aten/src/ATen/native/cuda/IndexKernel.cu:94: operator(): block: [80,0,0], thread: [118,0,0] Assertion `-sizes[i] <= index && index < sizes[i] && "index out of bounds"` failed.
/pytorch/aten/src/ATen/native/cuda/IndexKernel.cu:94: operator(): block: [80,0,0], thread: [119,0,0] Assertion `-sizes[i] <= index && index < sizes[i] && "index out of bounds"` failed.
/pytorch/aten/src/ATen/native/cuda/IndexKernel.cu:94: operator(): block: [80,0,0], thread: [120,0,0] Assertion `-sizes[i] <= index && index < sizes[i] && "index out of bounds"` failed.
/pytorch/aten/src/ATen/native/cuda/IndexKernel.cu:94: operator(): block: [80,0,0], thread: [121,0,0] Assertion `-sizes[i] <= index && index < sizes[i] && "index out of bounds"` failed.
/pytorch/aten/src/ATen/native/cuda/IndexKernel.cu:94: operator(): block: [80,0,0], thread: [122,0,0] Assertion `-sizes[i] <= index && index < sizes[i] && "index out of bounds"` failed.
/pytorch/aten/src/ATen/native/cuda/IndexKernel.cu:94: operator(): block: [80,0,0], thread: [123,0,0] Assertion `-sizes[i] <= index && index < sizes[i] && "index out of bounds"` failed.
/pytorch/aten/src/ATen/native/cuda/IndexKernel.cu:94: operator(): block: [80,0,0], thread: [124,0,0] Assertion `-sizes[i] <= index && index < sizes[i] && "index out of bounds"` failed.
/pytorch/aten/src/ATen/native/cuda/IndexKernel.cu:94: operator(): block: [80,0,0], thread: [125,0,0] Assertion `-sizes[i] <= index && index < sizes[i] && "index out of bounds"` failed.
/pytorch/aten/src/ATen/native/cuda/IndexKernel.cu:94: operator(): block: [80,0,0], thread: [126,0,0] Assertion `-sizes[i] <= index && index < sizes[i] && "index out of bounds"` failed.
/pytorch/aten/src/ATen/native/cuda/IndexKernel.cu:94: operator(): block: [80,0,0], thread: [127,0,0] Assertion `-sizes[i] <= index && index < sizes[i] && "index out of bounds"` failed.
/pytorch/aten/src/ATen/native/cuda/IndexKernel.cu:94: operator(): block: [162,0,0], thread: [96,0,0] Assertion `-sizes[i] <= index && index < sizes[i] && "index out of bounds"` failed.
/pytorch/aten/src/ATen/native/cuda/IndexKernel.cu:94: operator(): block: [162,0,0], thread: [97,0,0] Assertion `-sizes[i] <= index && index < sizes[i] && "index out of bounds"` failed.
/pytorch/aten/src/ATen/native/cuda/IndexKernel.cu:94: operator(): block: [162,0,0], thread: [98,0,0] Assertion `-sizes[i] <= index && index < sizes[i] && "index out of bounds"` failed.
/pytorch/aten/src/ATen/native/cuda/IndexKernel.cu:94: operator(): block: [162,0,0], thread: [99,0,0] Assertion `-sizes[i] <= index && index < sizes[i] && "index out of bounds"` failed.
/pytorch/aten/src/ATen/native/cuda/IndexKernel.cu:94: operator(): block: [162,0,0], thread: [100,0,0] Assertion `-sizes[i] <= index && index < sizes[i] && "index out of bounds"` failed.
/pytorch/aten/src/ATen/native/cuda/IndexKernel.cu:94: operator(): block: [162,0,0], thread: [101,0,0] Assertion `-sizes[i] <= index && index < sizes[i] && "index out of bounds"` failed.
/pytorch/aten/src/ATen/native/cuda/IndexKernel.cu:94: operator(): block: [162,0,0], thread: [102,0,0] Assertion `-sizes[i] <= index && index < sizes[i] && "index out of bounds"` failed.
/pytorch/aten/src/ATen/native/cuda/IndexKernel.cu:94: operator(): block: [162,0,0], thread: [103,0,0] Assertion `-sizes[i] <= index && index < sizes[i] && "index out of bounds"` failed.
/pytorch/aten/src/ATen/native/cuda/IndexKernel.cu:94: operator(): block: [162,0,0], thread: [104,0,0] Assertion `-sizes[i] <= index && index < sizes[i] && "index out of bounds"` failed.
/pytorch/aten/src/ATen/native/cuda/IndexKernel.cu:94: operator(): block: [162,0,0], thread: [105,0,0] Assertion `-sizes[i] <= index && index < sizes[i] && "index out of bounds"` failed.
/pytorch/aten/src/ATen/native/cuda/IndexKernel.cu:94: operator(): block: [162,0,0], thread: [106,0,0] Assertion `-sizes[i] <= index && index < sizes[i] && "index out of bounds"` failed.
/pytorch/aten/src/ATen/native/cuda/IndexKernel.cu:94: operator(): block: [162,0,0], thread: [107,0,0] Assertion `-sizes[i] <= index && index < sizes[i] && "index out of bounds"` failed.
/pytorch/aten/src/ATen/native/cuda/IndexKernel.cu:94: operator(): block: [162,0,0], thread: [108,0,0] Assertion `-sizes[i] <= index && index < sizes[i] && "index out of bounds"` failed.
/pytorch/aten/src/ATen/native/cuda/IndexKernel.cu:94: operator(): block: [162,0,0], thread: [109,0,0] Assertion `-sizes[i] <= index && index < sizes[i] && "index out of bounds"` failed.
/pytorch/aten/src/ATen/native/cuda/IndexKernel.cu:94: operator(): block: [162,0,0], thread: [110,0,0] Assertion `-sizes[i] <= index && index < sizes[i] && "index out of bounds"` failed.
/pytorch/aten/src/ATen/native/cuda/IndexKernel.cu:94: operator(): block: [162,0,0], thread: [111,0,0] Assertion `-sizes[i] <= index && index < sizes[i] && "index out of bounds"` failed.
/pytorch/aten/src/ATen/native/cuda/IndexKernel.cu:94: operator(): block: [162,0,0], thread: [112,0,0] Assertion `-sizes[i] <= index && index < sizes[i] && "index out of bounds"` failed.
/pytorch/aten/src/ATen/native/cuda/IndexKernel.cu:94: operator(): block: [162,0,0], thread: [113,0,0] Assertion `-sizes[i] <= index && index < sizes[i] && "index out of bounds"` failed.
/pytorch/aten/src/ATen/native/cuda/IndexKernel.cu:94: operator(): block: [162,0,0], thread: [114,0,0] Assertion `-sizes[i] <= index && index < sizes[i] && "index out of bounds"` failed.
/pytorch/aten/src/ATen/native/cuda/IndexKernel.cu:94: operator(): block: [162,0,0], thread: [115,0,0] Assertion `-sizes[i] <= index && index < sizes[i] && "index out of bounds"` failed.
/pytorch/aten/src/ATen/native/cuda/IndexKernel.cu:94: operator(): block: [162,0,0], thread: [116,0,0] Assertion `-sizes[i] <= index && index < sizes[i] && "index out of bounds"` failed.
/pytorch/aten/src/ATen/native/cuda/IndexKernel.cu:94: operator(): block: [162,0,0], thread: [117,0,0] Assertion `-sizes[i] <= index && index < sizes[i] && "index out of bounds"` failed.
/pytorch/aten/src/ATen/native/cuda/IndexKernel.cu:94: operator(): block: [162,0,0], thread: [118,0,0] Assertion `-sizes[i] <= index && index < sizes[i] && "index out of bounds"` failed.
/pytorch/aten/src/ATen/native/cuda/IndexKernel.cu:94: operator(): block: [162,0,0], thread: [119,0,0] Assertion `-sizes[i] <= index && index < sizes[i] && "index out of bounds"` failed.
/pytorch/aten/src/ATen/native/cuda/IndexKernel.cu:94: operator(): block: [162,0,0], thread: [120,0,0] Assertion `-sizes[i] <= index && index < sizes[i] && "index out of bounds"` failed.
/pytorch/aten/src/ATen/native/cuda/IndexKernel.cu:94: operator(): block: [162,0,0], thread: [121,0,0] Assertion `-sizes[i] <= index && index < sizes[i] && "index out of bounds"` failed.
/pytorch/aten/src/ATen/native/cuda/IndexKernel.cu:94: operator(): block: [162,0,0], thread: [122,0,0] Assertion `-sizes[i] <= index && index < sizes[i] && "index out of bounds"` failed.
/pytorch/aten/src/ATen/native/cuda/IndexKernel.cu:94: operator(): block: [162,0,0], thread: [123,0,0] Assertion `-sizes[i] <= index && index < sizes[i] && "index out of bounds"` failed.
/pytorch/aten/src/ATen/native/cuda/IndexKernel.cu:94: operator(): block: [162,0,0], thread: [124,0,0] Assertion `-sizes[i] <= index && index < sizes[i] && "index out of bounds"` failed.
/pytorch/aten/src/ATen/native/cuda/IndexKernel.cu:94: operator(): block: [162,0,0], thread: [125,0,0] Assertion `-sizes[i] <= index && index < sizes[i] && "index out of bounds"` failed.
/pytorch/aten/src/ATen/native/cuda/IndexKernel.cu:94: operator(): block: [162,0,0], thread: [126,0,0] Assertion `-sizes[i] <= index && index < sizes[i] && "index out of bounds"` failed.
/pytorch/aten/src/ATen/native/cuda/IndexKernel.cu:94: operator(): block: [162,0,0], thread: [127,0,0] Assertion `-sizes[i] <= index && index < sizes[i] && "index out of bounds"` failed.
/pytorch/aten/src/ATen/native/cuda/IndexKernel.cu:94: operator(): block: [86,0,0], thread: [96,0,0] Assertion `-sizes[i] <= index && index < sizes[i] && "index out of bounds"` failed.
/pytorch/aten/src/ATen/native/cuda/IndexKernel.cu:94: operator(): block: [86,0,0], thread: [97,0,0] Assertion `-sizes[i] <= index && index < sizes[i] && "index out of bounds"` failed.
/pytorch/aten/src/ATen/native/cuda/IndexKernel.cu:94: operator(): block: [86,0,0], thread: [98,0,0] Assertion `-sizes[i] <= index && index < sizes[i] && "index out of bounds"` failed.
/pytorch/aten/src/ATen/native/cuda/IndexKernel.cu:94: operator(): block: [86,0,0], thread: [99,0,0] Assertion `-sizes[i] <= index && index < sizes[i] && "index out of bounds"` failed.
/pytorch/aten/src/ATen/native/cuda/IndexKernel.cu:94: operator(): block: [86,0,0], thread: [100,0,0] Assertion `-sizes[i] <= index && index < sizes[i] && "index out of bounds"` failed.
/pytorch/aten/src/ATen/native/cuda/IndexKernel.cu:94: operator(): block: [86,0,0], thread: [101,0,0] Assertion `-sizes[i] <= index && index < sizes[i] && "index out of bounds"` failed.
/pytorch/aten/src/ATen/native/cuda/IndexKernel.cu:94: operator(): block: [86,0,0], thread: [102,0,0] Assertion `-sizes[i] <= index && index < sizes[i] && "index out of bounds"` failed.
/pytorch/aten/src/ATen/native/cuda/IndexKernel.cu:94: operator(): block: [86,0,0], thread: [103,0,0] Assertion `-sizes[i] <= index && index < sizes[i] && "index out of bounds"` failed.
/pytorch/aten/src/ATen/native/cuda/IndexKernel.cu:94: operator(): block: [86,0,0], thread: [104,0,0] Assertion `-sizes[i] <= index && index < sizes[i] && "index out of bounds"` failed.
/pytorch/aten/src/ATen/native/cuda/IndexKernel.cu:94: operator(): block: [86,0,0], thread: [105,0,0] Assertion `-sizes[i] <= index && index < sizes[i] && "index out of bounds"` failed.
/pytorch/aten/src/ATen/native/cuda/IndexKernel.cu:94: operator(): block: [86,0,0], thread: [106,0,0] Assertion `-sizes[i] <= index && index < sizes[i] && "index out of bounds"` failed.
/pytorch/aten/src/ATen/native/cuda/IndexKernel.cu:94: operator(): block: [86,0,0], thread: [107,0,0] Assertion `-sizes[i] <= index && index < sizes[i] && "index out of bounds"` failed.
/pytorch/aten/src/ATen/native/cuda/IndexKernel.cu:94: operator(): block: [86,0,0], thread: [108,0,0] Assertion `-sizes[i] <= index && index < sizes[i] && "index out of bounds"` failed.
/pytorch/aten/src/ATen/native/cuda/IndexKernel.cu:94: operator(): block: [86,0,0], thread: [109,0,0] Assertion `-sizes[i] <= index && index < sizes[i] && "index out of bounds"` failed.
/pytorch/aten/src/ATen/native/cuda/IndexKernel.cu:94: operator(): block: [86,0,0], thread: [110,0,0] Assertion `-sizes[i] <= index && index < sizes[i] && "index out of bounds"` failed.
/pytorch/aten/src/ATen/native/cuda/IndexKernel.cu:94: operator(): block: [86,0,0], thread: [111,0,0] Assertion `-sizes[i] <= index && index < sizes[i] && "index out of bounds"` failed.
/pytorch/aten/src/ATen/native/cuda/IndexKernel.cu:94: operator(): block: [86,0,0], thread: [112,0,0] Assertion `-sizes[i] <= index && index < sizes[i] && "index out of bounds"` failed.
/pytorch/aten/src/ATen/native/cuda/IndexKernel.cu:94: operator(): block: [86,0,0], thread: [113,0,0] Assertion `-sizes[i] <= index && index < sizes[i] && "index out of bounds"` failed.
/pytorch/aten/src/ATen/native/cuda/IndexKernel.cu:94: operator(): block: [86,0,0], thread: [114,0,0] Assertion `-sizes[i] <= index && index < sizes[i] && "index out of bounds"` failed.
/pytorch/aten/src/ATen/native/cuda/IndexKernel.cu:94: operator(): block: [86,0,0], thread: [115,0,0] Assertion `-sizes[i] <= index && index < sizes[i] && "index out of bounds"` failed.
/pytorch/aten/src/ATen/native/cuda/IndexKernel.cu:94: operator(): block: [86,0,0], thread: [116,0,0] Assertion `-sizes[i] <= index && index < sizes[i] && "index out of bounds"` failed.
/pytorch/aten/src/ATen/native/cuda/IndexKernel.cu:94: operator(): block: [86,0,0], thread: [117,0,0] Assertion `-sizes[i] <= index && index < sizes[i] && "index out of bounds"` failed.
/pytorch/aten/src/ATen/native/cuda/IndexKernel.cu:94: operator(): block: [86,0,0], thread: [118,0,0] Assertion `-sizes[i] <= index && index < sizes[i] && "index out of bounds"` failed.
/pytorch/aten/src/ATen/native/cuda/IndexKernel.cu:94: operator(): block: [86,0,0], thread: [119,0,0] Assertion `-sizes[i] <= index && index < sizes[i] && "index out of bounds"` failed.
/pytorch/aten/src/ATen/native/cuda/IndexKernel.cu:94: operator(): block: [86,0,0], thread: [120,0,0] Assertion `-sizes[i] <= index && index < sizes[i] && "index out of bounds"` failed.
/pytorch/aten/src/ATen/native/cuda/IndexKernel.cu:94: operator(): block: [86,0,0], thread: [121,0,0] Assertion `-sizes[i] <= index && index < sizes[i] && "index out of bounds"` failed.
/pytorch/aten/src/ATen/native/cuda/IndexKernel.cu:94: operator(): block: [86,0,0], thread: [122,0,0] Assertion `-sizes[i] <= index && index < sizes[i] && "index out of bounds"` failed.
/pytorch/aten/src/ATen/native/cuda/IndexKernel.cu:94: operator(): block: [86,0,0], thread: [123,0,0] Assertion `-sizes[i] <= index && index < sizes[i] && "index out of bounds"` failed.
/pytorch/aten/src/ATen/native/cuda/IndexKernel.cu:94: operator(): block: [86,0,0], thread: [124,0,0] Assertion `-sizes[i] <= index && index < sizes[i] && "index out of bounds"` failed.
/pytorch/aten/src/ATen/native/cuda/IndexKernel.cu:94: operator(): block: [86,0,0], thread: [125,0,0] Assertion `-sizes[i] <= index && index < sizes[i] && "index out of bounds"` failed.
/pytorch/aten/src/ATen/native/cuda/IndexKernel.cu:94: operator(): block: [86,0,0], thread: [126,0,0] Assertion `-sizes[i] <= index && index < sizes[i] && "index out of bounds"` failed.
/pytorch/aten/src/ATen/native/cuda/IndexKernel.cu:94: operator(): block: [86,0,0], thread: [127,0,0] Assertion `-sizes[i] <= index && index < sizes[i] && "index out of bounds"` failed.
/pytorch/aten/src/ATen/native/cuda/IndexKernel.cu:94: operator(): block: [133,0,0], thread: [96,0,0] Assertion `-sizes[i] <= index && index < sizes[i] && "index out of bounds"` failed.
/pytorch/aten/src/ATen/native/cuda/IndexKernel.cu:94: operator(): block: [133,0,0], thread: [97,0,0] Assertion `-sizes[i] <= index && index < sizes[i] && "index out of bounds"` failed.
/pytorch/aten/src/ATen/native/cuda/IndexKernel.cu:94: operator(): block: [133,0,0], thread: [98,0,0] Assertion `-sizes[i] <= index && index < sizes[i] && "index out of bounds"` failed.
/pytorch/aten/src/ATen/native/cuda/IndexKernel.cu:94: operator(): block: [133,0,0], thread: [99,0,0] Assertion `-sizes[i] <= index && index < sizes[i] && "index out of bounds"` failed.
/pytorch/aten/src/ATen/native/cuda/IndexKernel.cu:94: operator(): block: [133,0,0], thread: [100,0,0] Assertion `-sizes[i] <= index && index < sizes[i] && "index out of bounds"` failed.
/pytorch/aten/src/ATen/native/cuda/IndexKernel.cu:94: operator(): block: [133,0,0], thread: [101,0,0] Assertion `-sizes[i] <= index && index < sizes[i] && "index out of bounds"` failed.
/pytorch/aten/src/ATen/native/cuda/IndexKernel.cu:94: operator(): block: [133,0,0], thread: [102,0,0] Assertion `-sizes[i] <= index && index < sizes[i] && "index out of bounds"` failed.
/pytorch/aten/src/ATen/native/cuda/IndexKernel.cu:94: operator(): block: [133,0,0], thread: [103,0,0] Assertion `-sizes[i] <= index && index < sizes[i] && "index out of bounds"` failed.
/pytorch/aten/src/ATen/native/cuda/IndexKernel.cu:94: operator(): block: [133,0,0], thread: [104,0,0] Assertion `-sizes[i] <= index && index < sizes[i] && "index out of bounds"` failed.
/pytorch/aten/src/ATen/native/cuda/IndexKernel.cu:94: operator(): block: [133,0,0], thread: [105,0,0] Assertion `-sizes[i] <= index && index < sizes[i] && "index out of bounds"` failed.
/pytorch/aten/src/ATen/native/cuda/IndexKernel.cu:94: operator(): block: [133,0,0], thread: [106,0,0] Assertion `-sizes[i] <= index && index < sizes[i] && "index out of bounds"` failed.
/pytorch/aten/src/ATen/native/cuda/IndexKernel.cu:94: operator(): block: [133,0,0], thread: [107,0,0] Assertion `-sizes[i] <= index && index < sizes[i] && "index out of bounds"` failed.
/pytorch/aten/src/ATen/native/cuda/IndexKernel.cu:94: operator(): block: [133,0,0], thread: [108,0,0] Assertion `-sizes[i] <= index && index < sizes[i] && "index out of bounds"` failed.
/pytorch/aten/src/ATen/native/cuda/IndexKernel.cu:94: operator(): block: [133,0,0], thread: [109,0,0] Assertion `-sizes[i] <= index && index < sizes[i] && "index out of bounds"` failed.
/pytorch/aten/src/ATen/native/cuda/IndexKernel.cu:94: operator(): block: [133,0,0], thread: [110,0,0] Assertion `-sizes[i] <= index && index < sizes[i] && "index out of bounds"` failed.
/pytorch/aten/src/ATen/native/cuda/IndexKernel.cu:94: operator(): block: [133,0,0], thread: [111,0,0] Assertion `-sizes[i] <= index && index < sizes[i] && "index out of bounds"` failed.
/pytorch/aten/src/ATen/native/cuda/IndexKernel.cu:94: operator(): block: [133,0,0], thread: [112,0,0] Assertion `-sizes[i] <= index && index < sizes[i] && "index out of bounds"` failed.
/pytorch/aten/src/ATen/native/cuda/IndexKernel.cu:94: operator(): block: [133,0,0], thread: [113,0,0] Assertion `-sizes[i] <= index && index < sizes[i] && "index out of bounds"` failed.
/pytorch/aten/src/ATen/native/cuda/IndexKernel.cu:94: operator(): block: [133,0,0], thread: [114,0,0] Assertion `-sizes[i] <= index && index < sizes[i] && "index out of bounds"` failed.
/pytorch/aten/src/ATen/native/cuda/IndexKernel.cu:94: operator(): block: [133,0,0], thread: [115,0,0] Assertion `-sizes[i] <= index && index < sizes[i] && "index out of bounds"` failed.
/pytorch/aten/src/ATen/native/cuda/IndexKernel.cu:94: operator(): block: [133,0,0], thread: [116,0,0] Assertion `-sizes[i] <= index && index < sizes[i] && "index out of bounds"` failed.
/pytorch/aten/src/ATen/native/cuda/IndexKernel.cu:94: operator(): block: [133,0,0], thread: [117,0,0] Assertion `-sizes[i] <= index && index < sizes[i] && "index out of bounds"` failed.
/pytorch/aten/src/ATen/native/cuda/IndexKernel.cu:94: operator(): block: [133,0,0], thread: [118,0,0] Assertion `-sizes[i] <= index && index < sizes[i] && "index out of bounds"` failed.
/pytorch/aten/src/ATen/native/cuda/IndexKernel.cu:94: operator(): block: [133,0,0], thread: [119,0,0] Assertion `-sizes[i] <= index && index < sizes[i] && "index out of bounds"` failed.
/pytorch/aten/src/ATen/native/cuda/IndexKernel.cu:94: operator(): block: [133,0,0], thread: [120,0,0] Assertion `-sizes[i] <= index && index < sizes[i] && "index out of bounds"` failed.
/pytorch/aten/src/ATen/native/cuda/IndexKernel.cu:94: operator(): block: [133,0,0], thread: [121,0,0] Assertion `-sizes[i] <= index && index < sizes[i] && "index out of bounds"` failed.
/pytorch/aten/src/ATen/native/cuda/IndexKernel.cu:94: operator(): block: [133,0,0], thread: [122,0,0] Assertion `-sizes[i] <= index && index < sizes[i] && "index out of bounds"` failed.
/pytorch/aten/src/ATen/native/cuda/IndexKernel.cu:94: operator(): block: [133,0,0], thread: [123,0,0] Assertion `-sizes[i] <= index && index < sizes[i] && "index out of bounds"` failed.
/pytorch/aten/src/ATen/native/cuda/IndexKernel.cu:94: operator(): block: [133,0,0], thread: [124,0,0] Assertion `-sizes[i] <= index && index < sizes[i] && "index out of bounds"` failed.
/pytorch/aten/src/ATen/native/cuda/IndexKernel.cu:94: operator(): block: [133,0,0], thread: [125,0,0] Assertion `-sizes[i] <= index && index < sizes[i] && "index out of bounds"` failed.
/pytorch/aten/src/ATen/native/cuda/IndexKernel.cu:94: operator(): block: [133,0,0], thread: [126,0,0] Assertion `-sizes[i] <= index && index < sizes[i] && "index out of bounds"` failed.
/pytorch/aten/src/ATen/native/cuda/IndexKernel.cu:94: operator(): block: [133,0,0], thread: [127,0,0] Assertion `-sizes[i] <= index && index < sizes[i] && "index out of bounds"` failed.
/pytorch/aten/src/ATen/native/cuda/IndexKernel.cu:94: operator(): block: [31,0,0], thread: [32,0,0] Assertion `-sizes[i] <= index && index < sizes[i] && "index out of bounds"` failed.
/pytorch/aten/src/ATen/native/cuda/IndexKernel.cu:94: operator(): block: [31,0,0], thread: [33,0,0] Assertion `-sizes[i] <= index && index < sizes[i] && "index out of bounds"` failed.
/pytorch/aten/src/ATen/native/cuda/IndexKernel.cu:94: operator(): block: [31,0,0], thread: [34,0,0] Assertion `-sizes[i] <= index && index < sizes[i] && "index out of bounds"` failed.
/pytorch/aten/src/ATen/native/cuda/IndexKernel.cu:94: operator(): block: [31,0,0], thread: [35,0,0] Assertion `-sizes[i] <= index && index < sizes[i] && "index out of bounds"` failed.
/pytorch/aten/src/ATen/native/cuda/IndexKernel.cu:94: operator(): block: [31,0,0], thread: [36,0,0] Assertion `-sizes[i] <= index && index < sizes[i] && "index out of bounds"` failed.
/pytorch/aten/src/ATen/native/cuda/IndexKernel.cu:94: operator(): block: [31,0,0], thread: [37,0,0] Assertion `-sizes[i] <= index && index < sizes[i] && "index out of bounds"` failed.
/pytorch/aten/src/ATen/native/cuda/IndexKernel.cu:94: operator(): block: [31,0,0], thread: [38,0,0] Assertion `-sizes[i] <= index && index < sizes[i] && "index out of bounds"` failed.
/pytorch/aten/src/ATen/native/cuda/IndexKernel.cu:94: operator(): block: [31,0,0], thread: [39,0,0] Assertion `-sizes[i] <= index && index < sizes[i] && "index out of bounds"` failed.
/pytorch/aten/src/ATen/native/cuda/IndexKernel.cu:94: operator(): block: [31,0,0], thread: [40,0,0] Assertion `-sizes[i] <= index && index < sizes[i] && "index out of bounds"` failed.
/pytorch/aten/src/ATen/native/cuda/IndexKernel.cu:94: operator(): block: [31,0,0], thread: [41,0,0] Assertion `-sizes[i] <= index && index < sizes[i] && "index out of bounds"` failed.
/pytorch/aten/src/ATen/native/cuda/IndexKernel.cu:94: operator(): block: [31,0,0], thread: [42,0,0] Assertion `-sizes[i] <= index && index < sizes[i] && "index out of bounds"` failed.
/pytorch/aten/src/ATen/native/cuda/IndexKernel.cu:94: operator(): block: [31,0,0], thread: [43,0,0] Assertion `-sizes[i] <= index && index < sizes[i] && "index out of bounds"` failed.
/pytorch/aten/src/ATen/native/cuda/IndexKernel.cu:94: operator(): block: [31,0,0], thread: [44,0,0] Assertion `-sizes[i] <= index && index < sizes[i] && "index out of bounds"` failed.
/pytorch/aten/src/ATen/native/cuda/IndexKernel.cu:94: operator(): block: [31,0,0], thread: [45,0,0] Assertion `-sizes[i] <= index && index < sizes[i] && "index out of bounds"` failed.
/pytorch/aten/src/ATen/native/cuda/IndexKernel.cu:94: operator(): block: [31,0,0], thread: [46,0,0] Assertion `-sizes[i] <= index && index < sizes[i] && "index out of bounds"` failed.
/pytorch/aten/src/ATen/native/cuda/IndexKernel.cu:94: operator(): block: [31,0,0], thread: [47,0,0] Assertion `-sizes[i] <= index && index < sizes[i] && "index out of bounds"` failed.
/pytorch/aten/src/ATen/native/cuda/IndexKernel.cu:94: operator(): block: [31,0,0], thread: [48,0,0] Assertion `-sizes[i] <= index && index < sizes[i] && "index out of bounds"` failed.
/pytorch/aten/src/ATen/native/cuda/IndexKernel.cu:94: operator(): block: [31,0,0], thread: [49,0,0] Assertion `-sizes[i] <= index && index < sizes[i] && "index out of bounds"` failed.
/pytorch/aten/src/ATen/native/cuda/IndexKernel.cu:94: operator(): block: [31,0,0], thread: [50,0,0] Assertion `-sizes[i] <= index && index < sizes[i] && "index out of bounds"` failed.
/pytorch/aten/src/ATen/native/cuda/IndexKernel.cu:94: operator(): block: [31,0,0], thread: [51,0,0] Assertion `-sizes[i] <= index && index < sizes[i] && "index out of bounds"` failed.
/pytorch/aten/src/ATen/native/cuda/IndexKernel.cu:94: operator(): block: [31,0,0], thread: [52,0,0] Assertion `-sizes[i] <= index && index < sizes[i] && "index out of bounds"` failed.
/pytorch/aten/src/ATen/native/cuda/IndexKernel.cu:94: operator(): block: [31,0,0], thread: [53,0,0] Assertion `-sizes[i] <= index && index < sizes[i] && "index out of bounds"` failed.
/pytorch/aten/src/ATen/native/cuda/IndexKernel.cu:94: operator(): block: [31,0,0], thread: [54,0,0] Assertion `-sizes[i] <= index && index < sizes[i] && "index out of bounds"` failed.
/pytorch/aten/src/ATen/native/cuda/IndexKernel.cu:94: operator(): block: [31,0,0], thread: [55,0,0] Assertion `-sizes[i] <= index && index < sizes[i] && "index out of bounds"` failed.
/pytorch/aten/src/ATen/native/cuda/IndexKernel.cu:94: operator(): block: [31,0,0], thread: [56,0,0] Assertion `-sizes[i] <= index && index < sizes[i] && "index out of bounds"` failed.
/pytorch/aten/src/ATen/native/cuda/IndexKernel.cu:94: operator(): block: [31,0,0], thread: [57,0,0] Assertion `-sizes[i] <= index && index < sizes[i] && "index out of bounds"` failed.
/pytorch/aten/src/ATen/native/cuda/IndexKernel.cu:94: operator(): block: [31,0,0], thread: [58,0,0] Assertion `-sizes[i] <= index && index < sizes[i] && "index out of bounds"` failed.
/pytorch/aten/src/ATen/native/cuda/IndexKernel.cu:94: operator(): block: [31,0,0], thread: [59,0,0] Assertion `-sizes[i] <= index && index < sizes[i] && "index out of bounds"` failed.
/pytorch/aten/src/ATen/native/cuda/IndexKernel.cu:94: operator(): block: [31,0,0], thread: [60,0,0] Assertion `-sizes[i] <= index && index < sizes[i] && "index out of bounds"` failed.
/pytorch/aten/src/ATen/native/cuda/IndexKernel.cu:94: operator(): block: [31,0,0], thread: [61,0,0] Assertion `-sizes[i] <= index && index < sizes[i] && "index out of bounds"` failed.
/pytorch/aten/src/ATen/native/cuda/IndexKernel.cu:94: operator(): block: [31,0,0], thread: [62,0,0] Assertion `-sizes[i] <= index && index < sizes[i] && "index out of bounds"` failed.
/pytorch/aten/src/ATen/native/cuda/IndexKernel.cu:94: operator(): block: [31,0,0], thread: [63,0,0] Assertion `-sizes[i] <= index && index < sizes[i] && "index out of bounds"` failed.
/pytorch/aten/src/ATen/native/cuda/IndexKernel.cu:94: operator(): block: [126,0,0], thread: [64,0,0] Assertion `-sizes[i] <= index && index < sizes[i] && "index out of bounds"` failed.
/pytorch/aten/src/ATen/native/cuda/IndexKernel.cu:94: operator(): block: [126,0,0], thread: [65,0,0] Assertion `-sizes[i] <= index && index < sizes[i] && "index out of bounds"` failed.
/pytorch/aten/src/ATen/native/cuda/IndexKernel.cu:94: operator(): block: [126,0,0], thread: [66,0,0] Assertion `-sizes[i] <= index && index < sizes[i] && "index out of bounds"` failed.
/pytorch/aten/src/ATen/native/cuda/IndexKernel.cu:94: operator(): block: [126,0,0], thread: [67,0,0] Assertion `-sizes[i] <= index && index < sizes[i] && "index out of bounds"` failed.
/pytorch/aten/src/ATen/native/cuda/IndexKernel.cu:94: operator(): block: [126,0,0], thread: [68,0,0] Assertion `-sizes[i] <= index && index < sizes[i] && "index out of bounds"` failed.
/pytorch/aten/src/ATen/native/cuda/IndexKernel.cu:94: operator(): block: [126,0,0], thread: [69,0,0] Assertion `-sizes[i] <= index && index < sizes[i] && "index out of bounds"` failed.
/pytorch/aten/src/ATen/native/cuda/IndexKernel.cu:94: operator(): block: [126,0,0], thread: [70,0,0] Assertion `-sizes[i] <= index && index < sizes[i] && "index out of bounds"` failed.
/pytorch/aten/src/ATen/native/cuda/IndexKernel.cu:94: operator(): block: [126,0,0], thread: [71,0,0] Assertion `-sizes[i] <= index && index < sizes[i] && "index out of bounds"` failed.
/pytorch/aten/src/ATen/native/cuda/IndexKernel.cu:94: operator(): block: [126,0,0], thread: [72,0,0] Assertion `-sizes[i] <= index && index < sizes[i] && "index out of bounds"` failed.
/pytorch/aten/src/ATen/native/cuda/IndexKernel.cu:94: operator(): block: [126,0,0], thread: [73,0,0] Assertion `-sizes[i] <= index && index < sizes[i] && "index out of bounds"` failed.
/pytorch/aten/src/ATen/native/cuda/IndexKernel.cu:94: operator(): block: [126,0,0], thread: [74,0,0] Assertion `-sizes[i] <= index && index < sizes[i] && "index out of bounds"` failed.
/pytorch/aten/src/ATen/native/cuda/IndexKernel.cu:94: operator(): block: [126,0,0], thread: [75,0,0] Assertion `-sizes[i] <= index && index < sizes[i] && "index out of bounds"` failed.
/pytorch/aten/src/ATen/native/cuda/IndexKernel.cu:94: operator(): block: [126,0,0], thread: [76,0,0] Assertion `-sizes[i] <= index && index < sizes[i] && "index out of bounds"` failed.
/pytorch/aten/src/ATen/native/cuda/IndexKernel.cu:94: operator(): block: [126,0,0], thread: [77,0,0] Assertion `-sizes[i] <= index && index < sizes[i] && "index out of bounds"` failed.
/pytorch/aten/src/ATen/native/cuda/IndexKernel.cu:94: operator(): block: [126,0,0], thread: [78,0,0] Assertion `-sizes[i] <= index && index < sizes[i] && "index out of bounds"` failed.
/pytorch/aten/src/ATen/native/cuda/IndexKernel.cu:94: operator(): block: [126,0,0], thread: [79,0,0] Assertion `-sizes[i] <= index && index < sizes[i] && "index out of bounds"` failed.
/pytorch/aten/src/ATen/native/cuda/IndexKernel.cu:94: operator(): block: [126,0,0], thread: [80,0,0] Assertion `-sizes[i] <= index && index < sizes[i] && "index out of bounds"` failed.
/pytorch/aten/src/ATen/native/cuda/IndexKernel.cu:94: operator(): block: [126,0,0], thread: [81,0,0] Assertion `-sizes[i] <= index && index < sizes[i] && "index out of bounds"` failed.
/pytorch/aten/src/ATen/native/cuda/IndexKernel.cu:94: operator(): block: [126,0,0], thread: [82,0,0] Assertion `-sizes[i] <= index && index < sizes[i] && "index out of bounds"` failed.
/pytorch/aten/src/ATen/native/cuda/IndexKernel.cu:94: operator(): block: [126,0,0], thread: [83,0,0] Assertion `-sizes[i] <= index && index < sizes[i] && "index out of bounds"` failed.
/pytorch/aten/src/ATen/native/cuda/IndexKernel.cu:94: operator(): block: [126,0,0], thread: [84,0,0] Assertion `-sizes[i] <= index && index < sizes[i] && "index out of bounds"` failed.
/pytorch/aten/src/ATen/native/cuda/IndexKernel.cu:94: operator(): block: [126,0,0], thread: [85,0,0] Assertion `-sizes[i] <= index && index < sizes[i] && "index out of bounds"` failed.
/pytorch/aten/src/ATen/native/cuda/IndexKernel.cu:94: operator(): block: [126,0,0], thread: [86,0,0] Assertion `-sizes[i] <= index && index < sizes[i] && "index out of bounds"` failed.
/pytorch/aten/src/ATen/native/cuda/IndexKernel.cu:94: operator(): block: [126,0,0], thread: [87,0,0] Assertion `-sizes[i] <= index && index < sizes[i] && "index out of bounds"` failed.
/pytorch/aten/src/ATen/native/cuda/IndexKernel.cu:94: operator(): block: [126,0,0], thread: [88,0,0] Assertion `-sizes[i] <= index && index < sizes[i] && "index out of bounds"` failed.
/pytorch/aten/src/ATen/native/cuda/IndexKernel.cu:94: operator(): block: [126,0,0], thread: [89,0,0] Assertion `-sizes[i] <= index && index < sizes[i] && "index out of bounds"` failed.
/pytorch/aten/src/ATen/native/cuda/IndexKernel.cu:94: operator(): block: [126,0,0], thread: [90,0,0] Assertion `-sizes[i] <= index && index < sizes[i] && "index out of bounds"` failed.
/pytorch/aten/src/ATen/native/cuda/IndexKernel.cu:94: operator(): block: [126,0,0], thread: [91,0,0] Assertion `-sizes[i] <= index && index < sizes[i] && "index out of bounds"` failed.
/pytorch/aten/src/ATen/native/cuda/IndexKernel.cu:94: operator(): block: [126,0,0], thread: [92,0,0] Assertion `-sizes[i] <= index && index < sizes[i] && "index out of bounds"` failed.
/pytorch/aten/src/ATen/native/cuda/IndexKernel.cu:94: operator(): block: [126,0,0], thread: [93,0,0] Assertion `-sizes[i] <= index && index < sizes[i] && "index out of bounds"` failed.
/pytorch/aten/src/ATen/native/cuda/IndexKernel.cu:94: operator(): block: [126,0,0], thread: [94,0,0] Assertion `-sizes[i] <= index && index < sizes[i] && "index out of bounds"` failed.
/pytorch/aten/src/ATen/native/cuda/IndexKernel.cu:94: operator(): block: [126,0,0], thread: [95,0,0] Assertion `-sizes[i] <= index && index < sizes[i] && "index out of bounds"` failed.
SMOKE_EXIT=1
